"Geplande groep";"Geplande groep";"Geplande groep";"Geplande groep";"Geplande groep";"Geroosterde lessen";"Realisatie lessen";"Realisatie lessen";"Realisatie lessen";"Realisatie lessen";"Realisatie lessen";"Realisatie lessen";"Uitval lessen";"Uitval lessen";"Uitval lessen";"Uitval lessen";"Uitval lessen";"Uitval lessen";"Weken (2026)";"Weken (2026)";"Weken (2026)";"Weken (2026)"
"Afdeling";"Pakketgroep";"Vak";"Lesgroep";"Sectie";"Totaal aantal geroosterde lessen";"Gegeven door geplande docent";"Gegeven door vervanger";"Gegeven zonder docent";"Totaal aantal gegeven lessen";"Percentage gegeven door vervanger";"Percentage gegeven zonder docent";"Uitval door te weinig leerlingen";"Uitval door te weinig docenten";"Uitval door gewijzigde planning";"Uitval zonder reden";"Totaal aantal uitgevallen lessen";"Percentage totaal aantal uitgevallen lessen";"36";"37";"38";"39"
"3h";"ja";"ak";"";"ak";"4";"3";"0";"0";"3";"0%";"0%";"0";"0";"1";"0";"1";"25%";"0";"1";"1";"1"
"2h";"ja";"ak";"";"ak";"4";"3";"0";"0";"3";"0%";"0%";"0";"0";"1";"0";"1";"25%";"0";"1";"1";"1"
"4h";"ja";"ak";"";"ak";"4";"3";"0";"0";"3";"0%";"0%";"0";"0";"1";"0";"1";"25%";"0";"1";"1";"1"
"3v";"ja";"ak";"";"ak";"4";"3";"0";"0";"3";"0%";"0%";"0";"0";"1";"0";"1";"25%";"0";"1";"1";"1"
"6v";"ja";"ak";"";"ak";"4";"3";"0";"0";"3";"0%";"0%";"0";"0";"1";"0";"1";"25%";"0";"1";"1";"1"
"2v";"ja";"ak";"";"ak";"4";"3";"0";"0";"3";"0%";"0%";"0";"0";"1";"0";"1";"25%";"0";"1";"1";"1"
"2vp";"ja";"ak";"";"ak";"4";"3";"0";"0";"3";"0%";"0%";"0";"0";"1";"0";"1";"25%";"0";"1";"1";"1"
"1vp";"ja";"ak";"";"ak";"8";"2";"0";"0";"2";"0%";"0%";"0";"2";"4";"0";"6";"75%";"0";"0";"1";"1"
"5h";"ja";"ak";"";"ak";"4";"3";"0";"0";"3";"0%";"0%";"0";"0";"1";"0";"1";"25%";"0";"1";"1";"1"
"4v";"ja";"ak";"";"ak";"4";"3";"0";"0";"3";"0%";"0%";"0";"0";"1";"0";"1";"25%";"0";"1";"1";"1"
"5v";"ja";"ak";"";"ak";"4";"3";"0";"0";"3";"0%";"0%";"0";"0";"1";"0";"1";"25%";"0";"1";"1";"1"
"1h";"ja";"ak";"";"ak";"8";"2";"0";"0";"2";"0%";"0%";"0";"2";"4";"0";"6";"75%";"0";"0";"1";"1"
"1v";"ja";"ak";"";"ak";"8";"2";"0";"0";"2";"0%";"0%";"0";"2";"4";"0";"6";"75%";"0";"0";"1";"1"
"1vh";"ja";"ak";"";"ak";"8";"2";"0";"0";"2";"0%";"0%";"0";"2";"4";"0";"6";"75%";"0";"0";"1";"1"
"3vp";"ja";"ak";"";"ak";"4";"3";"0";"0";"3";"0%";"0%";"0";"0";"1";"0";"1";"25%";"0";"1";"1";"1"
"1h";"nee";"ak";"1h.1ha";"ak";"8";"4";"2";"0";"6";"33,3%";"0%";"0";"0";"2";"0";"2";"25%";"0";"2";"2";"2"
"1v";"nee";"ak";"1v.1vb";"ak";"8";"4";"1";"0";"5";"20%";"0%";"0";"1";"2";"0";"3";"37,5%";"0";"2";"2";"1"
"1v";"nee";"ak";"1v.1vc";"ak";"8";"5";"0";"0";"5";"0%";"0%";"0";"1";"2";"0";"3";"37,5%";"0";"2";"2";"1"
"1v";"nee";"ak";"1v.1vd";"ak";"8";"6";"0";"0";"6";"0%";"0%";"0";"0";"2";"0";"2";"25%";"0";"2";"2";"2"
"1vh";"nee";"ak";"1vh.1ba";"ak";"8";"5";"1";"0";"6";"16,7%";"0%";"0";"0";"2";"0";"2";"25%";"0";"2";"2";"2"
"1vh";"nee";"ak";"1vh.1bb";"ak";"8";"5";"1";"0";"6";"16,7%";"0%";"0";"0";"2";"0";"2";"25%";"0";"2";"2";"2"
"1vh";"nee";"ak";"1vh.1bc";"ak";"8";"6";"0";"0";"6";"0%";"0%";"0";"0";"2";"0";"2";"25%";"0";"2";"2";"2"
"1vp";"nee";"ak";"1vp.1va";"ak";"8";"6";"0";"0";"6";"0%";"0%";"0";"0";"2";"0";"2";"25%";"0";"2";"2";"2"
"2h";"nee";"ak";"2h.2ha";"ak";"8";"4";"0";"0";"4";"0%";"0%";"0";"2";"2";"0";"4";"50%";"0";"2";"1";"1"
"2h";"nee";"ak";"2h.2hb";"ak";"8";"7";"0";"0";"7";"0%";"0%";"0";"0";"1";"0";"1";"12,5%";"1";"2";"2";"2"
"2h";"nee";"ak";"2h.2hc";"ak";"8";"4";"0";"0";"4";"0%";"0%";"0";"2";"2";"0";"4";"50%";"0";"2";"1";"1"
"2h";"nee";"ak";"2h.2hd";"ak";"8";"5";"0";"0";"5";"0%";"0%";"0";"1";"2";"0";"3";"37,5%";"0";"2";"2";"1"
"2v";"nee";"ak";"2v.2vb";"ak";"8";"6";"0";"0";"6";"0%";"0%";"0";"1";"1";"0";"2";"25%";"1";"2";"1";"2"
"2v";"nee";"ak";"2v.2vc";"ak";"8";"5";"0";"0";"5";"0%";"0%";"0";"1";"2";"0";"3";"37,5%";"0";"2";"2";"1"
"2v";"nee";"ak";"2v.2vd";"ak";"8";"6";"0";"0";"6";"0%";"0%";"0";"0";"2";"0";"2";"25%";"0";"2";"2";"2"
"2v";"nee";"ak";"2v.2ve";"ak";"8";"5";"0";"0";"5";"0%";"0%";"0";"2";"1";"0";"3";"37,5%";"1";"2";"1";"1"
"2vp";"nee";"ak";"2vp.2va";"ak";"8";"6";"0";"0";"6";"0%";"0%";"0";"0";"2";"0";"2";"25%";"0";"2";"2";"2"
"3h";"nee";"ak";"3h.3ha";"ak";"8";"4";"0";"0";"4";"0%";"0%";"0";"2";"2";"0";"4";"50%";"0";"2";"1";"1"
"3h";"nee";"ak";"3h.3hb";"ak";"8";"6";"0";"0";"6";"0%";"0%";"0";"0";"2";"0";"2";"25%";"0";"2";"2";"2"
"3h";"nee";"ak";"3h.3hc";"ak";"8";"5";"0";"0";"5";"0%";"0%";"0";"1";"2";"0";"3";"37,5%";"0";"2";"2";"1"
"3v";"nee";"ak";"3v.3vc";"ak";"8";"4";"0";"0";"4";"0%";"0%";"0";"2";"2";"0";"4";"50%";"0";"2";"1";"1"
"3v";"nee";"ak";"3v.3vd";"ak";"8";"7";"0";"0";"7";"0%";"0%";"0";"0";"1";"0";"1";"12,5%";"1";"2";"2";"2"
"3v";"nee";"ak";"3v.3ve";"ak";"8";"6";"0";"0";"6";"0%";"0%";"0";"1";"1";"0";"2";"25%";"1";"2";"1";"2"
"3vp";"nee";"ak";"3vp.3va";"ak";"8";"5";"0";"0";"5";"0%";"0%";"0";"1";"2";"0";"3";"37,5%";"0";"2";"2";"1"
"3vp";"nee";"ak";"3vp.3vb";"ak";"8";"4";"0";"0";"4";"0%";"0%";"0";"2";"2";"0";"4";"50%";"0";"2";"1";"1"
"4h";"nee";"ak";"4h.ak1";"ak";"12";"10";"0";"0";"10";"0%";"0%";"0";"0";"2";"0";"2";"16,7%";"1";"3";"3";"3"
"4h";"nee";"ak";"4h.ak2";"ak";"12";"10";"0";"0";"10";"0%";"0%";"0";"1";"1";"0";"2";"16,7%";"2";"3";"3";"2"
"4v";"nee";"ak";"4v.ak1";"ak";"8";"6";"0";"0";"6";"0%";"0%";"0";"0";"2";"0";"2";"25%";"0";"2";"2";"2"
"4v";"nee";"ak";"4v.ak2";"ak";"8";"7";"0";"0";"7";"0%";"0%";"0";"0";"1";"0";"1";"12,5%";"1";"2";"2";"2"
"5h";"nee";"ak";"5h.ak1";"ak";"12";"10";"0";"0";"10";"0%";"0%";"0";"0";"2";"0";"2";"16,7%";"1";"3";"3";"3"
"5h";"nee";"ak";"5h.ak2";"ak";"12";"10";"0";"0";"10";"0%";"0%";"0";"0";"2";"0";"2";"16,7%";"1";"3";"3";"3"
"5v";"nee";"ak";"5v.ak1";"ak";"12";"10";"0";"0";"10";"0%";"0%";"0";"1";"1";"0";"2";"16,7%";"2";"3";"3";"2"
"5v";"nee";"ak";"5v.ak2";"ak";"12";"10";"0";"0";"10";"0%";"0%";"0";"0";"2";"0";"2";"16,7%";"1";"3";"3";"3"
"6v";"nee";"ak";"6v.ak1";"ak";"12";"10";"0";"0";"10";"0%";"0%";"0";"1";"1";"0";"2";"16,7%";"2";"3";"3";"2"
"6v";"nee";"ak";"6v.ak2";"ak";"12";"10";"0";"0";"10";"0%";"0%";"0";"0";"2";"0";"2";"16,7%";"1";"3";"3";"3"
"4h";"ja";"beco";"";"beco";"4";"3";"0";"0";"3";"0%";"0%";"0";"0";"1";"0";"1";"25%";"0";"1";"1";"1"
"5h";"ja";"beco";"";"beco";"4";"3";"0";"0";"3";"0%";"0%";"0";"0";"1";"0";"1";"25%";"0";"1";"1";"1"
"5v";"ja";"beco";"";"beco";"4";"3";"0";"0";"3";"0%";"0%";"0";"0";"1";"0";"1";"25%";"0";"1";"1";"1"
"6v";"ja";"beco";"";"beco";"4";"3";"0";"0";"3";"0%";"0%";"0";"0";"1";"0";"1";"25%";"0";"1";"1";"1"
"4v";"ja";"beco";"";"beco";"4";"3";"0";"0";"3";"0%";"0%";"0";"0";"1";"0";"1";"25%";"0";"1";"1";"1"
"4h";"nee";"beco";"4h.beco1";"beco";"12";"10";"0";"0";"10";"0%";"0%";"0";"0";"2";"0";"2";"16,7%";"1";"3";"3";"3"
"4v";"nee";"beco";"4v.beco1";"beco";"8";"6";"0";"0";"6";"0%";"0%";"0";"0";"2";"0";"2";"25%";"0";"2";"2";"2"
"5h";"nee";"beco";"5h.beco1";"beco";"12";"10";"0";"0";"10";"0%";"0%";"0";"0";"2";"0";"2";"16,7%";"1";"3";"3";"3"
"5v";"nee";"beco";"5v.beco1";"beco";"12";"11";"0";"0";"11";"0%";"0%";"0";"0";"1";"0";"1";"8,3%";"2";"3";"3";"3"
"6v";"nee";"beco";"6v.beco1";"beco";"12";"10";"0";"0";"10";"0%";"0%";"0";"0";"2";"0";"2";"16,7%";"1";"3";"3";"3"
"6v";"nee";"beco";"6v.beco2";"beco";"12";"10";"0";"0";"10";"0%";"0%";"0";"0";"2";"0";"2";"16,7%";"1";"3";"3";"3"
"4h";"nee";"bht";"4h.bht1";"te&hndv&med";"4";"3";"0";"0";"3";"0%";"0%";"0";"1";"0";"0";"1";"25%";"0";"1";"1";"1"
"4v";"nee";"bht";"4v.bht1";"";"4";"4";"0";"0";"4";"0%";"0%";"0";"0";"0";"0";"0";"0%";"1";"1";"1";"1"
"5h";"nee";"bht";"5h.bht1";"te&hndv&med";"8";"6";"0";"0";"6";"0%";"0%";"0";"1";"1";"0";"2";"25%";"0";"2";"2";"2"
"5v";"nee";"bht";"5v.bht1";"te&hndv&med";"4";"3";"0";"0";"3";"0%";"0%";"0";"0";"1";"0";"1";"25%";"0";"1";"1";"1"
"6v";"nee";"bht";"6v.bht1";"te&hndv&med";"8";"6";"0";"0";"6";"0%";"0%";"0";"0";"2";"0";"2";"25%";"0";"2";"2";"2"
"3vp";"ja";"bi";"";"";"4";"3";"0";"0";"3";"0%";"0%";"0";"0";"1";"0";"1";"25%";"0";"1";"1";"1"
"3v";"ja";"bi";"";"";"4";"3";"0";"0";"3";"0%";"0%";"0";"0";"1";"0";"1";"25%";"0";"1";"1";"1"
"1v";"ja";"bi";"";"";"4";"2";"0";"0";"2";"0%";"0%";"0";"0";"2";"0";"2";"50%";"0";"0";"1";"1"
"1vh";"ja";"bi";"";"";"4";"2";"0";"0";"2";"0%";"0%";"0";"0";"2";"0";"2";"50%";"0";"0";"1";"1"
"2h";"ja";"bi";"";"";"4";"3";"0";"0";"3";"0%";"0%";"0";"0";"1";"0";"1";"25%";"0";"1";"1";"1"
"1h";"ja";"bi";"";"";"4";"2";"0";"0";"2";"0%";"0%";"0";"0";"2";"0";"2";"50%";"0";"0";"1";"1"
"2v";"ja";"bi";"";"";"4";"3";"0";"0";"3";"0%";"0%";"0";"0";"1";"0";"1";"25%";"0";"1";"1";"1"
"3h";"ja";"bi";"";"";"4";"3";"0";"0";"3";"0%";"0%";"0";"0";"1";"0";"1";"25%";"0";"1";"1";"1"
"1h";"nee";"bi";"1h.1ha";"";"8";"6";"0";"0";"6";"0%";"0%";"0";"0";"2";"0";"2";"25%";"0";"2";"2";"2"
"1v";"nee";"bi";"1v.1vb";"";"8";"6";"0";"0";"6";"0%";"0%";"0";"0";"2";"0";"2";"25%";"0";"2";"2";"2"
"1v";"nee";"bi";"1v.1vc";"";"8";"6";"0";"0";"6";"0%";"0%";"0";"0";"2";"0";"2";"25%";"0";"2";"2";"2"
"1v";"nee";"bi";"1v.1vd";"";"8";"5";"0";"0";"5";"0%";"0%";"0";"1";"2";"0";"3";"37,5%";"0";"2";"2";"1"
"1vh";"nee";"bi";"1vh.1ba";"";"8";"6";"0";"0";"6";"0%";"0%";"0";"0";"2";"0";"2";"25%";"0";"2";"2";"2"
"1vh";"nee";"bi";"1vh.1bb";"";"8";"6";"0";"0";"6";"0%";"0%";"0";"0";"2";"0";"2";"25%";"0";"2";"2";"2"
"1vh";"nee";"bi";"1vh.1bc";"";"8";"6";"0";"0";"6";"0%";"0%";"0";"0";"2";"0";"2";"25%";"0";"2";"2";"2"
"2h";"nee";"bi";"2h.2ha";"";"8";"6";"0";"0";"6";"0%";"0%";"0";"0";"2";"0";"2";"25%";"0";"2";"2";"2"
"2h";"nee";"bi";"2h.2hb";"";"8";"6";"0";"0";"6";"0%";"0%";"0";"0";"2";"0";"2";"25%";"0";"2";"2";"2"
"2h";"nee";"bi";"2h.2hc";"";"8";"7";"0";"0";"7";"0%";"0%";"0";"0";"1";"0";"1";"12,5%";"1";"2";"2";"2"
"2h";"nee";"bi";"2h.2hd";"";"8";"6";"0";"0";"6";"0%";"0%";"0";"1";"1";"0";"2";"25%";"1";"1";"2";"2"
"2v";"nee";"bi";"2v.2vb";"";"8";"7";"0";"0";"7";"0%";"0%";"0";"0";"1";"0";"1";"12,5%";"1";"2";"2";"2"
"2v";"nee";"bi";"2v.2vc";"";"8";"6";"0";"0";"6";"0%";"0%";"0";"0";"2";"0";"2";"25%";"0";"2";"2";"2"
"2v";"nee";"bi";"2v.2vd";"";"8";"7";"0";"0";"7";"0%";"0%";"0";"0";"1";"0";"1";"12,5%";"1";"2";"2";"2"
"2v";"nee";"bi";"2v.2ve";"";"8";"7";"0";"0";"7";"0%";"0%";"0";"0";"1";"0";"1";"12,5%";"1";"2";"2";"2"
"3h";"nee";"bi";"3h.3ha";"";"4";"2";"0";"0";"2";"0%";"0%";"0";"1";"1";"0";"2";"50%";"0";"0";"1";"1"
"3h";"nee";"bi";"3h.3hb";"";"4";"3";"0";"0";"3";"0%";"0%";"0";"0";"1";"0";"1";"25%";"0";"1";"1";"1"
"3h";"nee";"bi";"3h.3hc";"";"4";"4";"0";"0";"4";"0%";"0%";"0";"0";"0";"0";"0";"0%";"1";"1";"1";"1"
"3v";"nee";"bi";"3v.3vc";"";"4";"3";"0";"0";"3";"0%";"0%";"0";"0";"1";"0";"1";"25%";"0";"1";"1";"1"
"3v";"nee";"bi";"3v.3vd";"";"4";"2";"0";"0";"2";"0%";"0%";"0";"1";"1";"0";"2";"50%";"0";"0";"1";"1"
"3v";"nee";"bi";"3v.3ve";"";"4";"2";"0";"0";"2";"0%";"0%";"0";"1";"1";"0";"2";"50%";"0";"0";"1";"1"
"3vp";"nee";"bi";"3vp.3va";"";"4";"3";"0";"0";"3";"0%";"0%";"0";"0";"1";"0";"1";"25%";"0";"1";"1";"1"
"3vp";"nee";"bi";"3vp.3vb";"";"4";"3";"0";"0";"3";"0%";"0%";"0";"0";"1";"0";"1";"25%";"0";"1";"1";"1"
"4h";"ja";"biol";"";"biol";"4";"2";"0";"0";"2";"0%";"0%";"0";"1";"1";"0";"2";"50%";"0";"0";"1";"1"
"5v";"ja";"biol";"";"biol";"4";"3";"0";"0";"3";"0%";"0%";"0";"0";"1";"0";"1";"25%";"0";"1";"1";"1"
"6v";"ja";"biol";"";"biol";"4";"3";"0";"0";"3";"0%";"0%";"0";"0";"1";"0";"1";"25%";"0";"1";"1";"1"
"5h";"ja";"biol";"";"biol";"4";"3";"0";"0";"3";"0%";"0%";"0";"0";"1";"0";"1";"25%";"0";"1";"1";"1"
"4v";"ja";"biol";"";"biol";"4";"2";"0";"0";"2";"0%";"0%";"0";"1";"1";"0";"2";"50%";"0";"0";"1";"1"
"4h";"nee";"biol";"4h.biol1";"biol";"12";"7";"0";"0";"7";"0%";"0%";"0";"3";"2";"0";"5";"41,7%";"1";"0";"3";"3"
"4h";"nee";"biol";"4h.biol2";"biol";"12";"10";"0";"0";"10";"0%";"0%";"0";"0";"2";"0";"2";"16,7%";"1";"3";"3";"3"
"4v";"nee";"biol";"4v.biol1";"biol";"8";"6";"0";"0";"6";"0%";"0%";"0";"1";"1";"0";"2";"25%";"1";"2";"2";"1"
"4v";"nee";"biol";"4v.biol2";"biol";"8";"4";"0";"0";"4";"0%";"0%";"0";"2";"2";"0";"4";"50%";"0";"0";"2";"2"
"5h";"nee";"biol";"5h.biol1";"biol";"16";"12";"0";"0";"12";"0%";"0%";"0";"1";"3";"0";"4";"25%";"1";"3";"4";"4"
"5h";"nee";"biol";"5h.biol2";"biol";"16";"14";"0";"0";"14";"0%";"0%";"0";"0";"2";"0";"2";"12,5%";"2";"4";"4";"4"
"5v";"nee";"biol";"5v.biol1";"biol";"12";"7";"0";"0";"7";"0%";"0%";"0";"3";"2";"0";"5";"41,7%";"1";"0";"3";"3"
"5v";"nee";"biol";"5v.biol2";"biol";"12";"9";"0";"0";"9";"0%";"0%";"0";"1";"2";"0";"3";"25%";"1";"2";"3";"3"
"5v";"nee";"biol";"5v.biol3";"biol";"12";"11";"0";"0";"11";"0%";"0%";"0";"0";"1";"0";"1";"8,3%";"2";"3";"3";"3"
"6v";"nee";"biol";"6v.biol1";"biol";"12";"10";"0";"0";"10";"0%";"0%";"0";"0";"2";"0";"2";"16,7%";"1";"3";"3";"3"
"6v";"nee";"biol";"6v.biol2";"biol";"12";"9";"0";"0";"9";"0%";"0%";"0";"1";"2";"0";"3";"25%";"1";"2";"3";"3"
"6v";"nee";"biol";"6v.biol3";"biol";"12";"10";"0";"0";"10";"0%";"0%";"0";"0";"2";"0";"2";"16,7%";"1";"3";"3";"3"
"2vp";"ja";"bip";"";"biol";"4";"3";"0";"0";"3";"0%";"0%";"0";"0";"1";"0";"1";"25%";"0";"1";"1";"1"
"1vp";"ja";"bip";"";"biol";"4";"2";"0";"0";"2";"0%";"0%";"0";"0";"2";"0";"2";"50%";"0";"0";"1";"1"
"1vp";"nee";"bip";"1vp.bip1";"biol";"4";"3";"0";"0";"3";"0%";"0%";"0";"0";"1";"0";"1";"25%";"0";"1";"1";"1"
"2vp";"nee";"bip";"2vp.bip1";"biol";"4";"3";"0";"0";"3";"0%";"0%";"0";"0";"1";"0";"1";"25%";"0";"1";"1";"1"
"1h";"nee";"bu";"1h.1ha";"Algemeen";"8";"6";"0";"0";"6";"0%";"0%";"0";"0";"2";"0";"2";"25%";"0";"2";"2";"2"
"1v";"nee";"bu";"1v.1vb";"Algemeen";"8";"6";"0";"0";"6";"0%";"0%";"0";"0";"2";"0";"2";"25%";"0";"2";"2";"2"
"1v";"nee";"bu";"1v.1vc";"Algemeen";"8";"6";"0";"0";"6";"0%";"0%";"0";"0";"2";"0";"2";"25%";"0";"2";"2";"2"
"1v";"nee";"bu";"1v.1vd";"Algemeen";"8";"6";"0";"0";"6";"0%";"0%";"0";"0";"2";"0";"2";"25%";"0";"2";"2";"2"
"1vh";"nee";"bu";"1vh.1ba";"Algemeen";"8";"6";"0";"0";"6";"0%";"0%";"0";"0";"2";"0";"2";"25%";"0";"2";"2";"2"
"1vh";"nee";"bu";"1vh.1bb";"Algemeen";"8";"6";"0";"0";"6";"0%";"0%";"0";"0";"2";"0";"2";"25%";"0";"2";"2";"2"
"1vh";"nee";"bu";"1vh.1bc";"Algemeen";"8";"6";"0";"0";"6";"0%";"0%";"0";"0";"2";"0";"2";"25%";"0";"2";"2";"2"
"1vp";"nee";"bu";"1vp.1va";"Algemeen";"8";"6";"0";"0";"6";"0%";"0%";"0";"0";"2";"0";"2";"25%";"0";"2";"2";"2"
"2h";"nee";"bu";"2h.2ha";"Algemeen";"8";"6";"0";"0";"6";"0%";"0%";"0";"0";"2";"0";"2";"25%";"0";"2";"2";"2"
"2h";"nee";"bu";"2h.2hb";"Algemeen";"8";"6";"0";"0";"6";"0%";"0%";"0";"0";"2";"0";"2";"25%";"0";"2";"2";"2"
"2h";"nee";"bu";"2h.2hc";"Algemeen";"8";"6";"0";"0";"6";"0%";"0%";"0";"0";"2";"0";"2";"25%";"0";"2";"2";"2"
"2h";"nee";"bu";"2h.2hd";"Algemeen";"8";"8";"0";"0";"8";"0%";"0%";"0";"0";"0";"0";"0";"0%";"2";"2";"2";"2"
"2v";"nee";"bu";"2v.2vb";"Algemeen";"8";"6";"0";"0";"6";"0%";"0%";"0";"0";"2";"0";"2";"25%";"0";"2";"2";"2"
"2v";"nee";"bu";"2v.2vc";"Algemeen";"8";"6";"0";"0";"6";"0%";"0%";"0";"0";"2";"0";"2";"25%";"0";"2";"2";"2"
"2v";"nee";"bu";"2v.2vd";"Algemeen";"8";"6";"0";"0";"6";"0%";"0%";"0";"0";"2";"0";"2";"25%";"0";"2";"2";"2"
"2v";"nee";"bu";"2v.2ve";"Algemeen";"8";"6";"0";"0";"6";"0%";"0%";"0";"0";"2";"0";"2";"25%";"0";"2";"2";"2"
"2vp";"nee";"bu";"2vp.2va";"Algemeen";"8";"4";"1";"0";"5";"20%";"0%";"0";"1";"2";"0";"3";"37,5%";"0";"2";"2";"1"
"3h";"nee";"bu";"3h.3ha";"Algemeen";"8";"6";"0";"0";"6";"0%";"0%";"0";"0";"2";"0";"2";"25%";"0";"2";"2";"2"
"3h";"nee";"bu";"3h.3hb";"Algemeen";"8";"6";"0";"0";"6";"0%";"0%";"0";"0";"2";"0";"2";"25%";"0";"2";"2";"2"
"3h";"nee";"bu";"3h.3hc";"Algemeen";"8";"6";"0";"0";"6";"0%";"0%";"0";"0";"2";"0";"2";"25%";"0";"2";"2";"2"
"3v";"nee";"bu";"3v.3vc";"Algemeen";"8";"6";"0";"0";"6";"0%";"0%";"0";"0";"2";"0";"2";"25%";"0";"2";"2";"2"
"3v";"nee";"bu";"3v.3vd";"Algemeen";"8";"6";"0";"0";"6";"0%";"0%";"0";"0";"2";"0";"2";"25%";"0";"2";"2";"2"
"3v";"nee";"bu";"3v.3ve";"Algemeen";"8";"6";"0";"0";"6";"0%";"0%";"0";"0";"2";"0";"2";"25%";"0";"2";"2";"2"
"3vp";"nee";"bu";"3vp.3va";"Algemeen";"8";"6";"0";"0";"6";"0%";"0%";"0";"0";"2";"0";"2";"25%";"0";"2";"2";"2"
"3vp";"nee";"bu";"3vp.3vb";"Algemeen";"8";"6";"0";"0";"6";"0%";"0%";"0";"0";"2";"0";"2";"25%";"0";"2";"2";"2"
"4h";"nee";"ckv";"4h.ckv1";"ckv";"8";"6";"0";"0";"6";"0%";"0%";"0";"0";"2";"0";"2";"25%";"0";"2";"2";"2"
"4h";"nee";"ckv";"4h.ckv2";"ckv";"8";"6";"0";"0";"6";"0%";"0%";"0";"1";"1";"0";"2";"25%";"0";"2";"2";"2"
"4h";"nee";"ckv";"4h.ckv3";"ckv";"8";"7";"0";"0";"7";"0%";"0%";"0";"0";"1";"0";"1";"12,5%";"1";"2";"2";"2"
"4v";"nee";"ckv";"4v.ckv1";"ckv";"8";"6";"0";"0";"6";"0%";"0%";"0";"1";"1";"0";"2";"25%";"1";"2";"1";"2"
"4v";"nee";"ckv";"4v.ckv2";"ckv";"8";"6";"0";"0";"6";"0%";"0%";"0";"1";"1";"0";"2";"25%";"1";"2";"1";"2"
"4v";"nee";"ckv";"4v.ckv3";"ckv";"8";"6";"0";"0";"6";"0%";"0%";"0";"1";"1";"0";"2";"25%";"0";"2";"2";"2"
"4v";"nee";"ckv";"4v.ckv4";"ckv";"8";"6";"0";"0";"6";"0%";"0%";"0";"0";"2";"0";"2";"25%";"0";"2";"2";"2"
"2v";"ja";"du";"";"";"4";"3";"0";"0";"3";"0%";"0%";"0";"0";"1";"0";"1";"25%";"0";"1";"1";"1"
"3v";"ja";"du";"";"";"4";"3";"0";"0";"3";"0%";"0%";"0";"0";"1";"0";"1";"25%";"0";"1";"1";"1"
"2h";"ja";"du";"";"";"4";"3";"0";"0";"3";"0%";"0%";"0";"0";"1";"0";"1";"25%";"0";"1";"1";"1"
"2vp";"ja";"du";"";"";"4";"3";"0";"0";"3";"0%";"0%";"0";"0";"1";"0";"1";"25%";"0";"1";"1";"1"
"3vp";"ja";"du";"";"";"4";"3";"0";"0";"3";"0%";"0%";"0";"0";"1";"0";"1";"25%";"0";"1";"1";"1"
"3h";"ja";"du";"";"";"4";"3";"0";"0";"3";"0%";"0%";"0";"0";"1";"0";"1";"25%";"0";"1";"1";"1"
"2h";"nee";"du";"2h.2ha";"";"12";"7";"0";"0";"7";"0%";"0%";"0";"2";"3";"0";"5";"41,7%";"0";"3";"3";"1"
"2h";"nee";"du";"2h.2hb";"";"12";"10";"0";"0";"10";"0%";"0%";"0";"0";"2";"0";"2";"16,7%";"1";"3";"3";"3"
"2h";"nee";"du";"2h.2hc";"";"12";"7";"0";"0";"7";"0%";"0%";"0";"2";"3";"0";"5";"41,7%";"0";"3";"3";"1"
"2h";"nee";"du";"2h.2hd";"";"12";"9";"0";"0";"9";"0%";"0%";"0";"0";"3";"0";"3";"25%";"0";"3";"3";"3"
"2v";"nee";"du";"2v.2vb";"";"12";"1";"0";"0";"1";"0%";"0%";"0";"9";"2";"0";"11";"91,7%";"0";"0";"0";"1"
"2v";"nee";"du";"2v.2vc";"";"12";"10";"0";"0";"10";"0%";"0%";"0";"0";"2";"0";"2";"16,7%";"1";"3";"3";"3"
"2v";"nee";"du";"2v.2vd";"";"12";"1";"0";"0";"1";"0%";"0%";"0";"9";"2";"0";"11";"91,7%";"0";"0";"0";"1"
"2v";"nee";"du";"2v.2ve";"";"12";"10";"0";"0";"10";"0%";"0%";"0";"0";"2";"0";"2";"16,7%";"1";"3";"3";"3"
"2vp";"nee";"du";"2vp.2va";"";"12";"1";"0";"0";"1";"0%";"0%";"0";"9";"2";"0";"11";"91,7%";"0";"0";"0";"1"
"3h";"nee";"du";"3h.3ha";"";"12";"9";"0";"0";"9";"0%";"0%";"0";"1";"2";"0";"3";"25%";"1";"3";"3";"2"
"3h";"nee";"du";"3h.3hb";"";"12";"9";"0";"0";"9";"0%";"0%";"0";"0";"3";"0";"3";"25%";"0";"3";"3";"3"
"3h";"nee";"du";"3h.3hc";"";"12";"10";"0";"0";"10";"0%";"0%";"0";"0";"2";"0";"2";"16,7%";"1";"3";"3";"3"
"3v";"nee";"du";"3v.3vc";"";"12";"9";"0";"0";"9";"0%";"0%";"0";"0";"3";"0";"3";"25%";"0";"3";"3";"3"
"3v";"nee";"du";"3v.3vd";"";"12";"10";"0";"0";"10";"0%";"0%";"0";"0";"2";"0";"2";"16,7%";"1";"3";"3";"3"
"3v";"nee";"du";"3v.3ve";"";"12";"10";"0";"0";"10";"0%";"0%";"0";"0";"2";"0";"2";"16,7%";"1";"3";"3";"3"
"3vp";"nee";"du";"3vp.3va";"";"12";"7";"0";"0";"7";"0%";"0%";"0";"1";"4";"0";"5";"41,7%";"0";"3";"3";"1"
"3vp";"nee";"du";"3vp.3vb";"";"12";"7";"0";"0";"7";"0%";"0%";"0";"2";"3";"0";"5";"41,7%";"0";"3";"3";"1"
"4v";"ja";"dutl";"";"dutl";"4";"3";"0";"0";"3";"0%";"0%";"0";"0";"1";"0";"1";"25%";"0";"1";"1";"1"
"4h";"ja";"dutl";"";"dutl";"4";"3";"0";"0";"3";"0%";"0%";"0";"0";"1";"0";"1";"25%";"0";"1";"1";"1"
"5h";"ja";"dutl";"";"dutl";"4";"3";"0";"0";"3";"0%";"0%";"0";"0";"1";"0";"1";"25%";"0";"1";"1";"1"
"5v";"ja";"dutl";"";"dutl";"4";"3";"0";"0";"3";"0%";"0%";"0";"0";"1";"0";"1";"25%";"0";"1";"1";"1"
"6v";"ja";"dutl";"";"dutl";"4";"3";"0";"0";"3";"0%";"0%";"0";"0";"1";"0";"1";"25%";"0";"1";"1";"1"
"4h";"nee";"dutl";"4h.dutl1";"dutl";"12";"10";"0";"0";"10";"0%";"0%";"0";"0";"2";"0";"2";"16,7%";"1";"3";"3";"3"
"4v";"nee";"dutl";"4v.dutl1";"dutl";"8";"7";"0";"0";"7";"0%";"0%";"0";"0";"1";"0";"1";"12,5%";"1";"2";"2";"2"
"4v";"nee";"dutl";"4v.dutl2";"dutl";"8";"7";"0";"0";"7";"0%";"0%";"0";"0";"1";"0";"1";"12,5%";"1";"2";"2";"2"
"4v";"nee";"dutl";"4v.dutl3";"dutl";"8";"7";"0";"0";"7";"0%";"0%";"0";"0";"1";"0";"1";"12,5%";"1";"2";"2";"2"
"5h";"nee";"dutl";"5h.dutl1";"dutl";"16";"13";"0";"0";"13";"0%";"0%";"0";"0";"3";"0";"3";"18,8%";"1";"4";"4";"4"
"5v";"nee";"dutl";"5v.dutl1";"dutl";"12";"10";"0";"0";"10";"0%";"0%";"0";"0";"2";"0";"2";"16,7%";"1";"3";"3";"3"
"5v";"nee";"dutl";"5v.dutl2";"dutl";"12";"10";"0";"0";"10";"0%";"0%";"0";"0";"2";"0";"2";"16,7%";"1";"3";"3";"3"
"5v";"nee";"dutl";"5v.dutl3";"dutl";"12";"10";"0";"0";"10";"0%";"0%";"0";"0";"2";"0";"2";"16,7%";"1";"3";"3";"3"
"6v";"nee";"dutl";"6v.dutl1";"dutl";"12";"11";"0";"0";"11";"0%";"0%";"0";"0";"1";"0";"1";"8,3%";"2";"3";"3";"3"
"6v";"nee";"dutl";"6v.dutl2";"dutl";"12";"10";"0";"0";"10";"0%";"0%";"0";"0";"2";"0";"2";"16,7%";"1";"3";"3";"3"
"6v";"nee";"dutl";"6v.dutl3";"dutl";"12";"10";"0";"0";"10";"0%";"0%";"0";"0";"2";"0";"2";"16,7%";"1";"3";"3";"3"
"3v";"ja";"ec";"";"";"4";"3";"0";"0";"3";"0%";"0%";"0";"0";"1";"0";"1";"25%";"0";"1";"1";"1"
"3vp";"ja";"ec";"";"";"4";"3";"0";"0";"3";"0%";"0%";"0";"0";"1";"0";"1";"25%";"0";"1";"1";"1"
"3h";"ja";"ec";"";"";"4";"3";"0";"0";"3";"0%";"0%";"0";"0";"1";"0";"1";"25%";"0";"1";"1";"1"
"3h";"nee";"ec";"3h.3ha";"";"8";"7";"0";"0";"7";"0%";"0%";"0";"0";"1";"0";"1";"12,5%";"1";"2";"2";"2"
"3h";"nee";"ec";"3h.3hb";"";"8";"6";"0";"0";"6";"0%";"0%";"0";"0";"2";"0";"2";"25%";"0";"2";"2";"2"
"3h";"nee";"ec";"3h.3hc";"";"8";"7";"0";"0";"7";"0%";"0%";"0";"0";"1";"0";"1";"12,5%";"1";"2";"2";"2"
"3v";"nee";"ec";"3v.3vc";"";"8";"7";"0";"0";"7";"0%";"0%";"0";"0";"1";"0";"1";"12,5%";"1";"2";"2";"2"
"3v";"nee";"ec";"3v.3vd";"";"8";"7";"0";"0";"7";"0%";"0%";"0";"0";"1";"0";"1";"12,5%";"1";"2";"2";"2"
"3v";"nee";"ec";"3v.3ve";"";"8";"6";"0";"0";"6";"0%";"0%";"0";"0";"2";"0";"2";"25%";"1";"2";"2";"1"
"3vp";"nee";"ec";"3vp.3va";"";"8";"5";"0";"0";"5";"0%";"0%";"0";"1";"2";"0";"3";"37,5%";"0";"2";"2";"1"
"3vp";"nee";"ec";"3vp.3vb";"";"8";"6";"0";"0";"6";"0%";"0%";"0";"0";"2";"0";"2";"25%";"0";"2";"2";"2"
"4h";"ja";"econ";"";"econ";"4";"3";"0";"0";"3";"0%";"0%";"0";"0";"1";"0";"1";"25%";"0";"1";"1";"1"
"5h";"ja";"econ";"";"econ";"4";"2";"0";"0";"2";"0%";"0%";"0";"1";"1";"0";"2";"50%";"0";"1";"0";"1"
"4v";"ja";"econ";"";"econ";"4";"3";"0";"0";"3";"0%";"0%";"0";"0";"1";"0";"1";"25%";"0";"1";"1";"1"
"5v";"ja";"econ";"";"econ";"4";"2";"0";"0";"2";"0%";"0%";"0";"1";"1";"0";"2";"50%";"0";"1";"0";"1"
"6v";"ja";"econ";"";"econ";"4";"2";"0";"0";"2";"0%";"0%";"0";"1";"1";"0";"2";"50%";"0";"1";"0";"1"
"4h";"nee";"econ";"4h.econ1";"econ";"12";"8";"0";"0";"8";"0%";"0%";"0";"2";"2";"0";"4";"33,3%";"1";"3";"2";"2"
"4h";"nee";"econ";"4h.econ2";"econ";"12";"8";"0";"0";"8";"0%";"0%";"0";"2";"2";"0";"4";"33,3%";"0";"2";"3";"3"
"4v";"nee";"econ";"4v.econ1";"econ";"8";"4";"0";"0";"4";"0%";"0%";"0";"3";"1";"0";"4";"50%";"0";"1";"2";"1"
"4v";"nee";"econ";"4v.econ2";"econ";"8";"6";"0";"0";"6";"0%";"0%";"0";"1";"1";"0";"2";"25%";"1";"2";"1";"2"
"5h";"nee";"econ";"5h.econ1";"econ";"16";"13";"0";"0";"13";"0%";"0%";"0";"0";"3";"0";"3";"18,8%";"1";"4";"4";"4"
"5h";"nee";"econ";"5h.econ2";"econ";"16";"11";"0";"0";"11";"0%";"0%";"0";"2";"3";"0";"5";"31,3%";"1";"4";"3";"3"
"5v";"nee";"econ";"5v.econ1";"econ";"12";"10";"0";"0";"10";"0%";"0%";"0";"0";"2";"0";"2";"16,7%";"1";"3";"3";"3"
"5v";"nee";"econ";"5v.econ2";"econ";"12";"8";"0";"0";"8";"0%";"0%";"0";"2";"2";"0";"4";"33,3%";"1";"3";"2";"2"
"6v";"nee";"econ";"6v.econ1";"econ";"12";"9";"0";"0";"9";"0%";"0%";"0";"1";"2";"0";"3";"25%";"1";"3";"3";"2"
"6v";"nee";"econ";"6v.econ2";"econ";"12";"10";"0";"0";"10";"0%";"0%";"0";"0";"2";"0";"2";"16,7%";"1";"3";"3";"3"
"3h";"ja";"en";"";"";"4";"3";"0";"0";"3";"0%";"0%";"0";"0";"1";"0";"1";"25%";"0";"1";"1";"1"
"2h";"ja";"en";"";"";"4";"3";"0";"0";"3";"0%";"0%";"0";"0";"1";"0";"1";"25%";"0";"1";"1";"1"
"1vp";"ja";"en";"";"";"8";"3";"0";"0";"3";"0%";"0%";"0";"1";"4";"0";"5";"62,5%";"0";"0";"2";"1"
"2v";"ja";"en";"";"";"4";"3";"0";"0";"3";"0%";"0%";"0";"0";"1";"0";"1";"25%";"0";"1";"1";"1"
"2vp";"ja";"en";"";"";"4";"3";"0";"0";"3";"0%";"0%";"0";"0";"1";"0";"1";"25%";"0";"1";"1";"1"
"1h";"ja";"en";"";"";"8";"3";"0";"0";"3";"0%";"0%";"0";"1";"4";"0";"5";"62,5%";"0";"0";"2";"1"
"3vp";"ja";"en";"";"";"4";"3";"0";"0";"3";"0%";"0%";"0";"0";"1";"0";"1";"25%";"0";"1";"1";"1"
"1vh";"ja";"en";"";"";"8";"3";"0";"0";"3";"0%";"0%";"0";"1";"4";"0";"5";"62,5%";"0";"0";"2";"1"
"1v";"ja";"en";"";"";"8";"3";"0";"0";"3";"0%";"0%";"0";"1";"4";"0";"5";"62,5%";"0";"0";"2";"1"
"3v";"ja";"en";"";"";"4";"3";"0";"0";"3";"0%";"0%";"0";"0";"1";"0";"1";"25%";"0";"1";"1";"1"
"1h";"nee";"en";"1h.1ha";"";"12";"9";"0";"0";"9";"0%";"0%";"0";"0";"3";"0";"3";"25%";"0";"3";"3";"3"
"1v";"nee";"en";"1v.1vb";"";"12";"7";"2";"0";"9";"22,2%";"0%";"0";"0";"3";"0";"3";"25%";"0";"3";"3";"3"
"1v";"nee";"en";"1v.1vc";"";"12";"9";"0";"0";"9";"0%";"0%";"0";"0";"3";"0";"3";"25%";"0";"3";"3";"3"
"1v";"nee";"en";"1v.1vd";"";"12";"7";"1";"0";"8";"12,5%";"0%";"0";"1";"3";"0";"4";"33,3%";"0";"3";"2";"3"
"1vh";"nee";"en";"1vh.1ba";"";"12";"9";"0";"0";"9";"0%";"0%";"0";"0";"3";"0";"3";"25%";"0";"3";"3";"3"
"1vh";"nee";"en";"1vh.1bb";"";"12";"9";"0";"0";"9";"0%";"0%";"0";"0";"3";"0";"3";"25%";"0";"3";"3";"3"
"1vh";"nee";"en";"1vh.1bc";"";"12";"6";"1";"0";"7";"14,3%";"0%";"0";"2";"3";"0";"5";"41,7%";"0";"3";"3";"1"
"1vp";"nee";"en";"1vp.1va";"";"12";"6";"2";"0";"8";"25%";"0%";"0";"1";"3";"0";"4";"33,3%";"0";"3";"3";"2"
"2h";"nee";"en";"2h.2ha";"";"12";"9";"0";"0";"9";"0%";"0%";"0";"1";"2";"0";"3";"25%";"0";"3";"3";"3"
"2h";"nee";"en";"2h.2hb";"";"12";"9";"0";"0";"9";"0%";"0%";"0";"1";"2";"0";"3";"25%";"0";"3";"3";"3"
"2h";"nee";"en";"2h.2hc";"";"12";"7";"0";"0";"7";"0%";"0%";"0";"3";"2";"0";"5";"41,7%";"1";"3";"3";"0"
"2h";"nee";"en";"2h.2hd";"";"12";"9";"0";"0";"9";"0%";"0%";"0";"0";"3";"0";"3";"25%";"0";"3";"3";"3"
"2v";"nee";"en";"2v.2vb";"";"12";"8";"0";"0";"8";"0%";"0%";"0";"2";"2";"0";"4";"33,3%";"1";"3";"1";"3"
"2v";"nee";"en";"2v.2vc";"";"12";"9";"0";"0";"9";"0%";"0%";"0";"0";"3";"0";"3";"25%";"0";"3";"3";"3"
"2v";"nee";"en";"2v.2vd";"";"12";"7";"1";"0";"8";"12,5%";"0%";"0";"1";"3";"0";"4";"33,3%";"0";"3";"2";"3"
"2v";"nee";"en";"2v.2ve";"";"12";"8";"0";"0";"8";"0%";"0%";"0";"2";"2";"0";"4";"33,3%";"1";"3";"1";"3"
"2vp";"nee";"en";"2vp.2va";"";"12";"9";"0";"0";"9";"0%";"0%";"0";"0";"3";"0";"3";"25%";"0";"3";"3";"3"
"3h";"nee";"en";"3h.3ha";"";"8";"5";"0";"0";"5";"0%";"0%";"0";"1";"2";"0";"3";"37,5%";"0";"2";"2";"1"
"3h";"nee";"en";"3h.3hb";"";"8";"5";"0";"0";"5";"0%";"0%";"0";"1";"2";"0";"3";"37,5%";"0";"2";"2";"1"
"3h";"nee";"en";"3h.3hc";"";"8";"4";"0";"0";"4";"0%";"0%";"0";"2";"2";"0";"4";"50%";"0";"2";"0";"2"
"3v";"nee";"en";"3v.3vc";"";"8";"4";"0";"0";"4";"0%";"0%";"0";"2";"2";"0";"4";"50%";"0";"2";"0";"2"
"3v";"nee";"en";"3v.3vd";"";"8";"6";"0";"0";"6";"0%";"0%";"0";"0";"2";"0";"2";"25%";"0";"2";"2";"2"
"3v";"nee";"en";"3v.3ve";"";"8";"6";"0";"0";"6";"0%";"0%";"0";"0";"2";"0";"2";"25%";"0";"2";"2";"2"
"3vp";"nee";"en";"3vp.3va";"";"8";"6";"0";"0";"6";"0%";"0%";"0";"1";"1";"0";"2";"25%";"1";"2";"1";"2"
"3vp";"nee";"en";"3vp.3vb";"";"8";"5";"0";"0";"5";"0%";"0%";"0";"2";"1";"0";"3";"37,5%";"1";"2";"2";"0"
"4h";"ja";"entl";"";"entl";"4";"3";"0";"0";"3";"0%";"0%";"0";"0";"1";"0";"1";"25%";"0";"1";"1";"1"
"4v";"ja";"entl";"";"entl";"4";"3";"0";"0";"3";"0%";"0%";"0";"0";"1";"0";"1";"25%";"0";"1";"1";"1"
"5h";"ja";"entl";"";"entl";"4";"3";"0";"0";"3";"0%";"0%";"0";"0";"1";"0";"1";"25%";"0";"1";"1";"1"
"5v";"ja";"entl";"";"entl";"4";"3";"0";"0";"3";"0%";"0%";"0";"0";"1";"0";"1";"25%";"0";"1";"1";"1"
"6v";"ja";"entl";"";"entl";"4";"3";"0";"0";"3";"0%";"0%";"0";"0";"1";"0";"1";"25%";"0";"1";"1";"1"
"4h";"nee";"entl";"4h.4ha";"entl";"12";"10";"0";"0";"10";"0%";"0%";"0";"0";"2";"0";"2";"16,7%";"1";"3";"3";"3"
"4h";"nee";"entl";"4h.4hb";"entl";"12";"10";"0";"0";"10";"0%";"0%";"0";"0";"2";"0";"2";"16,7%";"1";"3";"3";"3"
"4h";"nee";"entl";"4h.4hc";"entl";"12";"9";"0";"0";"9";"0%";"0%";"0";"1";"2";"0";"3";"25%";"0";"3";"3";"3"
"4v";"nee";"entl";"4v.4va";"entl";"12";"10";"0";"0";"10";"0%";"0%";"0";"1";"1";"0";"2";"16,7%";"2";"3";"2";"3"
"4v";"nee";"entl";"4v.4vb";"entl";"12";"10";"0";"0";"10";"0%";"0%";"0";"0";"2";"0";"2";"16,7%";"1";"3";"3";"3"
"4v";"nee";"entl";"4v.4vc";"entl";"12";"7";"0";"0";"7";"0%";"0%";"0";"3";"2";"0";"5";"41,7%";"1";"3";"3";"0"
"4v";"nee";"entl";"4v.4vd";"entl";"12";"10";"0";"0";"10";"0%";"0%";"0";"0";"2";"0";"2";"16,7%";"1";"3";"3";"3"
"5h";"nee";"entl";"5h.entl1";"entl";"12";"10";"0";"0";"10";"0%";"0%";"0";"0";"2";"0";"2";"16,7%";"1";"3";"3";"3"
"5h";"nee";"entl";"5h.entl2";"entl";"12";"11";"0";"0";"11";"0%";"0%";"0";"0";"1";"0";"1";"8,3%";"2";"3";"3";"3"
"5h";"nee";"entl";"5h.entl3";"entl";"12";"10";"0";"0";"10";"0%";"0%";"0";"0";"2";"0";"2";"16,7%";"1";"3";"3";"3"
"5h";"nee";"entl";"5h.entl4";"entl";"12";"9";"0";"0";"9";"0%";"0%";"0";"0";"3";"0";"3";"25%";"0";"3";"3";"3"
"5v";"nee";"entl";"5v.5va";"entl";"12";"11";"0";"0";"11";"0%";"0%";"0";"0";"1";"0";"1";"8,3%";"2";"3";"3";"3"
"5v";"nee";"entl";"5v.5vb";"entl";"12";"11";"0";"0";"11";"0%";"0%";"0";"0";"1";"0";"1";"8,3%";"2";"3";"3";"3"
"5v";"nee";"entl";"5v.5vc";"entl";"12";"9";"0";"0";"9";"0%";"0%";"0";"0";"3";"0";"3";"25%";"0";"3";"3";"3"
"5v";"nee";"entl";"5v.5vd";"entl";"12";"10";"0";"0";"10";"0%";"0%";"0";"0";"2";"0";"2";"16,7%";"1";"3";"3";"3"
"6v";"nee";"entl";"6v.entl1";"entl";"12";"10";"0";"0";"10";"0%";"0%";"0";"0";"2";"0";"2";"16,7%";"1";"3";"3";"3"
"6v";"nee";"entl";"6v.entl2";"entl";"12";"10";"0";"0";"10";"0%";"0%";"0";"0";"2";"0";"2";"16,7%";"1";"3";"3";"3"
"6v";"nee";"entl";"6v.entl3";"entl";"12";"10";"0";"0";"10";"0%";"0%";"0";"0";"2";"0";"2";"16,7%";"1";"3";"3";"3"
"6v";"nee";"entl";"6v.entl4";"entl";"12";"9";"0";"0";"9";"0%";"0%";"0";"0";"3";"0";"3";"25%";"0";"3";"3";"3"
"3h";"ja";"fa";"";"";"4";"3";"0";"0";"3";"0%";"0%";"0";"0";"1";"0";"1";"25%";"0";"1";"1";"1"
"1vh";"ja";"fa";"";"";"4";"2";"0";"0";"2";"0%";"0%";"0";"0";"2";"0";"2";"50%";"0";"0";"1";"1"
"1h";"ja";"fa";"";"";"4";"2";"0";"0";"2";"0%";"0%";"0";"0";"2";"0";"2";"50%";"0";"0";"1";"1"
"1vp";"ja";"fa";"";"";"4";"2";"0";"0";"2";"0%";"0%";"0";"0";"2";"0";"2";"50%";"0";"0";"1";"1"
"1v";"ja";"fa";"";"";"4";"2";"0";"0";"2";"0%";"0%";"0";"0";"2";"0";"2";"50%";"0";"0";"1";"1"
"2v";"ja";"fa";"";"";"4";"3";"0";"0";"3";"0%";"0%";"0";"0";"1";"0";"1";"25%";"0";"1";"1";"1"
"3vp";"ja";"fa";"";"";"4";"3";"0";"0";"3";"0%";"0%";"0";"0";"1";"0";"1";"25%";"0";"1";"1";"1"
"2vp";"ja";"fa";"";"";"4";"3";"0";"0";"3";"0%";"0%";"0";"0";"1";"0";"1";"25%";"0";"1";"1";"1"
"2h";"ja";"fa";"";"";"4";"3";"0";"0";"3";"0%";"0%";"0";"0";"1";"0";"1";"25%";"0";"1";"1";"1"
"3v";"ja";"fa";"";"";"4";"3";"0";"0";"3";"0%";"0%";"0";"0";"1";"0";"1";"25%";"0";"1";"1";"1"
"1h";"nee";"fa";"1h.1ha";"";"12";"9";"0";"0";"9";"0%";"0%";"0";"0";"3";"0";"3";"25%";"0";"3";"3";"3"
"1v";"nee";"fa";"1v.1vb";"";"12";"7";"1";"0";"8";"12,5%";"0%";"0";"1";"3";"0";"4";"33,3%";"0";"3";"2";"3"
"1v";"nee";"fa";"1v.1vc";"";"12";"8";"0";"0";"8";"0%";"0%";"0";"1";"3";"0";"4";"33,3%";"0";"3";"2";"3"
"1v";"nee";"fa";"1v.1vd";"";"12";"8";"1";"0";"9";"11,1%";"0%";"0";"0";"3";"0";"3";"25%";"0";"3";"3";"3"
"1vh";"nee";"fa";"1vh.1ba";"";"12";"9";"0";"0";"9";"0%";"0%";"0";"0";"3";"0";"3";"25%";"0";"3";"3";"3"
"1vh";"nee";"fa";"1vh.1bb";"";"12";"9";"0";"0";"9";"0%";"0%";"0";"0";"3";"0";"3";"25%";"0";"3";"3";"3"
"1vh";"nee";"fa";"1vh.1bc";"";"12";"9";"0";"0";"9";"0%";"0%";"0";"0";"3";"0";"3";"25%";"0";"3";"3";"3"
"1vp";"nee";"fa";"1vp.1va";"";"12";"9";"0";"0";"9";"0%";"0%";"0";"0";"3";"0";"3";"25%";"0";"3";"3";"3"
"2h";"nee";"fa";"2h.2ha";"";"8";"6";"0";"0";"6";"0%";"0%";"0";"0";"2";"0";"2";"25%";"0";"2";"2";"2"
"2h";"nee";"fa";"2h.2hb";"";"8";"6";"0";"0";"6";"0%";"0%";"0";"0";"2";"0";"2";"25%";"0";"2";"2";"2"
"2h";"nee";"fa";"2h.2hc";"";"8";"6";"0";"0";"6";"0%";"0%";"0";"0";"2";"0";"2";"25%";"0";"2";"2";"2"
"2h";"nee";"fa";"2h.2hd";"";"8";"7";"0";"0";"7";"0%";"0%";"0";"0";"1";"0";"1";"12,5%";"1";"2";"2";"2"
"2v";"nee";"fa";"2v.2vb";"";"8";"6";"0";"0";"6";"0%";"0%";"0";"0";"2";"0";"2";"25%";"0";"2";"2";"2"
"2v";"nee";"fa";"2v.2vc";"";"8";"6";"0";"0";"6";"0%";"0%";"0";"0";"2";"0";"2";"25%";"0";"2";"2";"2"
"2v";"nee";"fa";"2v.2vd";"";"8";"6";"0";"0";"6";"0%";"0%";"0";"0";"2";"0";"2";"25%";"0";"2";"2";"2"
"2v";"nee";"fa";"2v.2ve";"";"8";"6";"0";"0";"6";"0%";"0%";"0";"0";"2";"0";"2";"25%";"0";"2";"2";"2"
"2vp";"nee";"fa";"2vp.2va";"";"8";"6";"0";"0";"6";"0%";"0%";"0";"0";"2";"0";"2";"25%";"0";"2";"2";"2"
"3h";"nee";"fa";"3h.3ha";"";"8";"6";"0";"0";"6";"0%";"0%";"0";"0";"2";"0";"2";"25%";"0";"2";"2";"2"
"3h";"nee";"fa";"3h.3hb";"";"8";"5";"0";"0";"5";"0%";"0%";"0";"2";"1";"0";"3";"37,5%";"1";"2";"1";"1"
"3h";"nee";"fa";"3h.3hc";"";"8";"5";"0";"0";"5";"0%";"0%";"0";"2";"1";"0";"3";"37,5%";"1";"2";"1";"1"
"3v";"nee";"fa";"3v.3vc";"";"8";"5";"0";"0";"5";"0%";"0%";"0";"1";"2";"0";"3";"37,5%";"1";"2";"1";"1"
"3v";"nee";"fa";"3v.3vd";"";"8";"6";"0";"0";"6";"0%";"0%";"0";"0";"2";"0";"2";"25%";"0";"2";"2";"2"
"3v";"nee";"fa";"3v.3ve";"";"8";"7";"0";"0";"7";"0%";"0%";"0";"0";"1";"0";"1";"12,5%";"1";"2";"2";"2"
"3vp";"nee";"fa";"3vp.3va";"";"8";"6";"0";"0";"6";"0%";"0%";"0";"0";"2";"0";"2";"25%";"0";"2";"2";"2"
"3vp";"nee";"fa";"3vp.3vb";"";"8";"6";"0";"0";"6";"0%";"0%";"0";"0";"2";"0";"2";"25%";"0";"2";"2";"2"
"4v";"ja";"fatl";"";"fatl";"4";"3";"0";"0";"3";"0%";"0%";"0";"0";"1";"0";"1";"25%";"0";"1";"1";"1"
"4h";"ja";"fatl";"";"fatl";"4";"3";"0";"0";"3";"0%";"0%";"0";"0";"1";"0";"1";"25%";"0";"1";"1";"1"
"5h";"ja";"fatl";"";"fatl";"4";"3";"0";"0";"3";"0%";"0%";"0";"0";"1";"0";"1";"25%";"0";"1";"1";"1"
"5v";"ja";"fatl";"";"fatl";"4";"3";"0";"0";"3";"0%";"0%";"0";"0";"1";"0";"1";"25%";"0";"1";"1";"1"
"6v";"ja";"fatl";"";"fatl";"4";"3";"0";"0";"3";"0%";"0%";"0";"0";"1";"0";"1";"25%";"0";"1";"1";"1"
"4h";"nee";"fatl";"4h.fatl1";"fatl";"12";"9";"0";"0";"9";"0%";"0%";"0";"1";"2";"0";"3";"25%";"1";"3";"2";"3"
"4v";"nee";"fatl";"4v.fatl1";"fatl";"8";"8";"0";"0";"8";"0%";"0%";"0";"0";"0";"0";"0";"0%";"2";"2";"2";"2"
"4v";"nee";"fatl";"4v.fatl2";"fatl";"8";"7";"0";"0";"7";"0%";"0%";"0";"0";"1";"0";"1";"12,5%";"1";"2";"2";"2"
"5h";"nee";"fatl";"5h.fatl1";"fatl";"16";"12";"0";"0";"12";"0%";"0%";"0";"2";"2";"0";"4";"25%";"2";"4";"2";"4"
"5v";"nee";"fatl";"5v.fatl1";"fatl";"12";"11";"0";"0";"11";"0%";"0%";"0";"0";"1";"0";"1";"8,3%";"2";"3";"3";"3"
"6v";"nee";"fatl";"6v.fatl1";"fatl";"12";"11";"0";"0";"11";"0%";"0%";"0";"0";"1";"0";"1";"8,3%";"2";"3";"3";"3"
"6v";"nee";"fatl";"6v.fatl2";"fatl";"12";"11";"0";"0";"11";"0%";"0%";"0";"0";"1";"0";"1";"8,3%";"2";"3";"3";"3"
"6v";"ja";"ges";"";"ges";"4";"3";"0";"0";"3";"0%";"0%";"0";"0";"1";"0";"1";"25%";"0";"1";"1";"1"
"5h";"ja";"ges";"";"ges";"4";"3";"0";"0";"3";"0%";"0%";"0";"0";"1";"0";"1";"25%";"0";"1";"1";"1"
"4v";"ja";"ges";"";"ges";"4";"2";"0";"0";"2";"0%";"0%";"0";"1";"1";"0";"2";"50%";"0";"1";"0";"1"
"5v";"ja";"ges";"";"ges";"4";"3";"0";"0";"3";"0%";"0%";"0";"0";"1";"0";"1";"25%";"0";"1";"1";"1"
"4h";"ja";"ges";"";"ges";"4";"2";"0";"0";"2";"0%";"0%";"0";"1";"1";"0";"2";"50%";"0";"1";"0";"1"
"4h";"nee";"ges";"4h.ges1";"ges";"12";"11";"0";"0";"11";"0%";"0%";"0";"0";"1";"0";"1";"8,3%";"2";"3";"3";"3"
"4h";"nee";"ges";"4h.ges2";"ges";"12";"10";"0";"0";"10";"0%";"0%";"0";"0";"2";"0";"2";"16,7%";"1";"3";"3";"3"
"4v";"nee";"ges";"4v.ges1";"ges";"8";"6";"0";"0";"6";"0%";"0%";"0";"0";"2";"0";"2";"25%";"0";"2";"2";"2"
"4v";"nee";"ges";"4v.ges2";"ges";"8";"5";"0";"0";"5";"0%";"0%";"0";"1";"2";"0";"3";"37,5%";"0";"2";"2";"1"
"5h";"nee";"ges";"5h.ges1";"ges";"13";"9";"1";"0";"10";"10%";"0%";"0";"0";"3";"0";"3";"23,1%";"1";"3";"3";"3"
"5h";"nee";"ges";"5h.ges2";"ges";"12";"8";"1";"0";"9";"11,1%";"0%";"0";"1";"2";"0";"3";"25%";"1";"3";"2";"3"
"5v";"nee";"ges";"5v.ges1";"ges";"12";"10";"0";"0";"10";"0%";"0%";"0";"0";"2";"0";"2";"16,7%";"1";"3";"3";"3"
"5v";"nee";"ges";"5v.ges2";"ges";"12";"10";"0";"0";"10";"0%";"0%";"0";"0";"2";"0";"2";"16,7%";"1";"3";"3";"3"
"6v";"nee";"ges";"6v.ges1";"ges";"12";"10";"0";"0";"10";"0%";"0%";"0";"0";"2";"0";"2";"16,7%";"1";"3";"3";"3"
"6v";"nee";"ges";"6v.ges2";"ges";"12";"10";"0";"0";"10";"0%";"0%";"0";"0";"2";"0";"2";"16,7%";"1";"3";"3";"3"
"3h";"ja";"gs";"";"";"4";"3";"0";"0";"3";"0%";"0%";"0";"0";"1";"0";"1";"25%";"0";"1";"1";"1"
"2vp";"ja";"gs";"";"";"4";"3";"0";"0";"3";"0%";"0%";"0";"0";"1";"0";"1";"25%";"0";"1";"1";"1"
"1v";"ja";"gs";"";"";"8";"4";"0";"0";"4";"0%";"0%";"0";"0";"4";"0";"4";"50%";"0";"0";"2";"2"
"1vp";"ja";"gs";"";"";"8";"4";"0";"0";"4";"0%";"0%";"0";"0";"4";"0";"4";"50%";"0";"0";"2";"2"
"2h";"ja";"gs";"";"";"4";"3";"0";"0";"3";"0%";"0%";"0";"0";"1";"0";"1";"25%";"0";"1";"1";"1"
"1h";"ja";"gs";"";"";"8";"4";"0";"0";"4";"0%";"0%";"0";"0";"4";"0";"4";"50%";"0";"0";"2";"2"
"3vp";"ja";"gs";"";"";"4";"3";"0";"0";"3";"0%";"0%";"0";"0";"1";"0";"1";"25%";"0";"1";"1";"1"
"3v";"ja";"gs";"";"";"4";"3";"0";"0";"3";"0%";"0%";"0";"0";"1";"0";"1";"25%";"0";"1";"1";"1"
"2v";"ja";"gs";"";"";"4";"3";"0";"0";"3";"0%";"0%";"0";"0";"1";"0";"1";"25%";"0";"1";"1";"1"
"1vh";"ja";"gs";"";"";"8";"4";"0";"0";"4";"0%";"0%";"0";"0";"4";"0";"4";"50%";"0";"0";"2";"2"
"1h";"nee";"gs";"1h.1ha";"";"8";"6";"0";"0";"6";"0%";"0%";"0";"0";"2";"0";"2";"25%";"0";"2";"2";"2"
"1v";"nee";"gs";"1v.1vb";"";"8";"6";"0";"0";"6";"0%";"0%";"0";"0";"2";"0";"2";"25%";"0";"2";"2";"2"
"1v";"nee";"gs";"1v.1vc";"";"8";"6";"0";"0";"6";"0%";"0%";"0";"0";"2";"0";"2";"25%";"0";"2";"2";"2"
"1v";"nee";"gs";"1v.1vd";"";"8";"6";"0";"0";"6";"0%";"0%";"0";"0";"2";"0";"2";"25%";"0";"2";"2";"2"
"1vh";"nee";"gs";"1vh.1ba";"";"8";"6";"0";"0";"6";"0%";"0%";"0";"0";"2";"0";"2";"25%";"0";"2";"2";"2"
"1vh";"nee";"gs";"1vh.1bb";"";"8";"6";"0";"0";"6";"0%";"0%";"0";"0";"2";"0";"2";"25%";"0";"2";"2";"2"
"1vh";"nee";"gs";"1vh.1bc";"";"8";"6";"0";"0";"6";"0%";"0%";"0";"0";"2";"0";"2";"25%";"0";"2";"2";"2"
"1vp";"nee";"gs";"1vp.1va";"";"8";"6";"0";"0";"6";"0%";"0%";"0";"0";"2";"0";"2";"25%";"0";"2";"2";"2"
"2h";"nee";"gs";"2h.2ha";"";"8";"6";"0";"0";"6";"0%";"0%";"0";"0";"2";"0";"2";"25%";"0";"2";"2";"2"
"2h";"nee";"gs";"2h.2hb";"";"8";"7";"0";"0";"7";"0%";"0%";"0";"0";"1";"0";"1";"12,5%";"1";"2";"2";"2"
"2h";"nee";"gs";"2h.2hc";"";"8";"6";"0";"0";"6";"0%";"0%";"0";"0";"2";"0";"2";"25%";"0";"2";"2";"2"
"2h";"nee";"gs";"2h.2hd";"";"8";"5";"0";"0";"5";"0%";"0%";"0";"1";"2";"0";"3";"37,5%";"0";"2";"1";"2"
"2v";"nee";"gs";"2v.2vb";"";"8";"6";"0";"0";"6";"0%";"0%";"0";"0";"2";"0";"2";"25%";"0";"2";"2";"2"
"2v";"nee";"gs";"2v.2vc";"";"8";"7";"0";"0";"7";"0%";"0%";"0";"0";"1";"0";"1";"12,5%";"1";"2";"2";"2"
"2v";"nee";"gs";"2v.2vd";"";"8";"7";"0";"0";"7";"0%";"0%";"0";"0";"1";"0";"1";"12,5%";"1";"2";"2";"2"
"2v";"nee";"gs";"2v.2ve";"";"8";"7";"0";"0";"7";"0%";"0%";"0";"0";"1";"0";"1";"12,5%";"1";"2";"2";"2"
"2vp";"nee";"gs";"2vp.2va";"";"8";"6";"0";"0";"6";"0%";"0%";"0";"0";"2";"0";"2";"25%";"0";"2";"2";"2"
"3h";"nee";"gs";"3h.3ha";"";"8";"6";"0";"0";"6";"0%";"0%";"0";"0";"2";"0";"2";"25%";"1";"2";"2";"1"
"3h";"nee";"gs";"3h.3hb";"";"8";"7";"0";"0";"7";"0%";"0%";"0";"0";"1";"0";"1";"12,5%";"1";"2";"2";"2"
"3h";"nee";"gs";"3h.3hc";"";"8";"6";"0";"0";"6";"0%";"0%";"0";"0";"2";"0";"2";"25%";"0";"2";"2";"2"
"3v";"nee";"gs";"3v.3vc";"";"8";"6";"0";"0";"6";"0%";"0%";"0";"1";"1";"0";"2";"25%";"1";"2";"2";"1"
"3v";"nee";"gs";"3v.3vd";"";"8";"6";"0";"0";"6";"0%";"0%";"0";"1";"1";"0";"2";"25%";"1";"2";"2";"1"
"3v";"nee";"gs";"3v.3ve";"";"8";"6";"0";"0";"6";"0%";"0%";"0";"0";"2";"0";"2";"25%";"0";"2";"2";"2"
"3vp";"nee";"gs";"3vp.3va";"";"8";"7";"0";"0";"7";"0%";"0%";"0";"0";"1";"0";"1";"12,5%";"1";"2";"2";"2"
"3vp";"nee";"gs";"3vp.3vb";"";"8";"6";"0";"0";"6";"0%";"0%";"0";"0";"2";"0";"2";"25%";"1";"2";"2";"1"
"1h";"nee";"hndv";"1h.1ha";"te&hndv&med";"8";"6";"0";"0";"6";"0%";"0%";"0";"0";"2";"0";"2";"25%";"0";"2";"2";"2"
"1v";"nee";"hndv";"1v.1vb";"te&hndv&med";"0";"0";"0";"0";"0";"0%";"0%";"0";"0";"0";"0";"0";"0%";"0";"0";"0";"0"
"1v";"nee";"hndv";"1v.1vc";"te&hndv&med";"0";"0";"0";"0";"0";"0%";"0%";"0";"0";"0";"0";"0";"0%";"0";"0";"0";"0"
"1v";"nee";"hndv";"1v.1vd";"te&hndv&med";"0";"0";"0";"0";"0";"0%";"0%";"0";"0";"0";"0";"0";"0%";"0";"0";"0";"0"
"1vh";"nee";"hndv";"1vh.1ba";"te&hndv&med";"8";"6";"0";"0";"6";"0%";"0%";"0";"0";"2";"0";"2";"25%";"0";"2";"2";"2"
"1vh";"nee";"hndv";"1vh.1bb";"te&hndv&med";"8";"6";"0";"0";"6";"0%";"0%";"0";"0";"2";"0";"2";"25%";"0";"2";"2";"2"
"1vh";"nee";"hndv";"1vh.1bc";"te&hndv&med";"8";"6";"0";"0";"6";"0%";"0%";"0";"0";"2";"0";"2";"25%";"0";"2";"2";"2"
"1vp";"nee";"hndv";"1vp.1va";"te&hndv&med";"0";"0";"0";"0";"0";"0%";"0%";"0";"0";"0";"0";"0";"0%";"0";"0";"0";"0"
"2h";"nee";"hndv";"2h.2ha";"te&hndv&med";"0";"0";"0";"0";"0";"0%";"0%";"0";"0";"0";"0";"0";"0%";"0";"0";"0";"0"
"2h";"nee";"hndv";"2h.2hb";"te&hndv&med";"0";"0";"0";"0";"0";"0%";"0%";"0";"0";"0";"0";"0";"0%";"0";"0";"0";"0"
"2h";"nee";"hndv";"2h.2hc";"te&hndv&med";"0";"0";"0";"0";"0";"0%";"0%";"0";"0";"0";"0";"0";"0%";"0";"0";"0";"0"
"2h";"nee";"hndv";"2h.2hd";"te&hndv&med";"0";"0";"0";"0";"0";"0%";"0%";"0";"0";"0";"0";"0";"0%";"0";"0";"0";"0"
"2v";"nee";"hndv";"2v.2vb";"te&hndv&med";"0";"0";"0";"0";"0";"0%";"0%";"0";"0";"0";"0";"0";"0%";"0";"0";"0";"0"
"2v";"nee";"hndv";"2v.2vc";"te&hndv&med";"0";"0";"0";"0";"0";"0%";"0%";"0";"0";"0";"0";"0";"0%";"0";"0";"0";"0"
"2v";"nee";"hndv";"2v.2vd";"te&hndv&med";"0";"0";"0";"0";"0";"0%";"0%";"0";"0";"0";"0";"0";"0%";"0";"0";"0";"0"
"2v";"nee";"hndv";"2v.2ve";"te&hndv&med";"0";"0";"0";"0";"0";"0%";"0%";"0";"0";"0";"0";"0";"0%";"0";"0";"0";"0"
"2vp";"nee";"hndv";"2vp.2va";"te&hndv&med";"0";"0";"0";"0";"0";"0%";"0%";"0";"0";"0";"0";"0";"0%";"0";"0";"0";"0"
"3h";"nee";"hndv";"3h.3ha";"te&hndv&med";"8";"4";"0";"0";"4";"0%";"0%";"0";"4";"0";"0";"4";"50%";"2";"2";"0";"0"
"3h";"nee";"hndv";"3h.3hb";"te&hndv&med";"8";"4";"2";"0";"6";"33,3%";"0%";"0";"2";"0";"0";"2";"25%";"0";"2";"2";"2"
"3h";"nee";"hndv";"3h.3hc";"te&hndv&med";"8";"4";"0";"0";"4";"0%";"0%";"0";"1";"3";"0";"4";"50%";"0";"2";"2";"0"
"3v";"nee";"hndv";"3v.3vc";"te&hndv&med";"8";"4";"0";"0";"4";"0%";"0%";"0";"2";"2";"0";"4";"50%";"0";"2";"2";"0"
"3v";"nee";"hndv";"3v.3vd";"te&hndv&med";"8";"4";"0";"0";"4";"0%";"0%";"0";"2";"2";"0";"4";"50%";"0";"2";"2";"0"
"3v";"nee";"hndv";"3v.3ve";"te&hndv&med";"8";"4";"0";"0";"4";"0%";"0%";"0";"2";"2";"0";"4";"50%";"0";"2";"2";"0"
"3vp";"nee";"hndv";"3vp.3va";"te&hndv&med";"8";"6";"0";"0";"6";"0%";"0%";"0";"0";"2";"0";"2";"25%";"0";"2";"2";"2"
"3vp";"nee";"hndv";"3vp.3vb";"te&hndv&med";"8";"4";"0";"0";"4";"0%";"0%";"0";"2";"2";"0";"4";"50%";"0";"2";"2";"0"
"4h";"nee";"hndv";"4h.hndv1";"te&hndv&med";"8";"6";"0";"0";"6";"0%";"0%";"0";"2";"0";"0";"2";"25%";"0";"2";"2";"2"
"4v";"nee";"hndv";"4v.hndv1";"te&hndv&med";"8";"8";"0";"0";"8";"0%";"0%";"0";"0";"0";"0";"0";"0%";"2";"2";"2";"2"
"5h";"nee";"hndv";"5h.hndv1";"";"8";"6";"0";"0";"6";"0%";"0%";"0";"0";"2";"0";"2";"25%";"0";"2";"2";"2"
"5v";"nee";"hndv";"5v.hndv1";"te&hndv&med";"8";"8";"0";"0";"8";"0%";"0%";"0";"0";"0";"0";"0";"0%";"2";"2";"2";"2"
"6v";"nee";"hndv";"6v.hndv1";"te&hndv&med";"8";"8";"0";"0";"8";"0%";"0%";"0";"0";"0";"0";"0";"0%";"2";"2";"2";"2"
"1v";"ja";"kralg";"";"";"48";"24";"0";"0";"24";"0%";"0%";"0";"0";"24";"0";"24";"50%";"0";"0";"12";"12"
"2v";"ja";"kralg";"";"";"32";"24";"0";"0";"24";"0%";"0%";"0";"0";"8";"0";"8";"25%";"0";"8";"8";"8"
"4v";"ja";"kralg";"";"";"24";"18";"0";"0";"18";"0%";"0%";"0";"0";"6";"0";"6";"25%";"0";"6";"6";"6"
"3h";"ja";"kralg";"";"";"24";"18";"0";"0";"18";"0%";"0%";"0";"0";"6";"0";"6";"25%";"0";"6";"6";"6"
"1h";"ja";"kralg";"";"Algemeen";"48";"24";"0";"0";"24";"0%";"0%";"0";"0";"24";"0";"24";"50%";"0";"0";"12";"12"
"1vp";"ja";"kralg";"";"";"48";"24";"0";"0";"24";"0%";"0%";"0";"0";"24";"0";"24";"50%";"0";"0";"12";"12"
"4h";"ja";"kralg";"";"Algemeen";"24";"18";"0";"0";"18";"0%";"0%";"0";"0";"6";"0";"6";"25%";"0";"6";"6";"6"
"1vh";"ja";"kralg";"";"";"48";"24";"0";"0";"24";"0%";"0%";"0";"0";"24";"0";"24";"50%";"0";"0";"12";"12"
"2vp";"ja";"kralg";"";"";"32";"24";"0";"0";"24";"0%";"0%";"0";"0";"8";"0";"8";"25%";"0";"8";"8";"8"
"3vp";"ja";"kralg";"";"";"24";"18";"0";"0";"18";"0%";"0%";"0";"0";"6";"0";"6";"25%";"0";"6";"6";"6"
"3v";"ja";"kralg";"";"";"24";"18";"0";"0";"18";"0%";"0%";"0";"0";"6";"0";"6";"25%";"0";"6";"6";"6"
"2h";"ja";"kralg";"";"";"32";"24";"0";"0";"24";"0%";"0%";"0";"0";"8";"0";"8";"25%";"0";"8";"8";"8"
"1h";"nee";"kralg";"1h.1ha";"Algemeen";"0";"0";"0";"0";"0";"0%";"0%";"0";"0";"0";"0";"0";"0%";"0";"0";"0";"0"
"1v";"nee";"kralg";"1v.1vb";"";"0";"0";"0";"0";"0";"0%";"0%";"0";"0";"0";"0";"0";"0%";"0";"0";"0";"0"
"1v";"nee";"kralg";"1v.1vc";"";"0";"0";"0";"0";"0";"0%";"0%";"0";"0";"0";"0";"0";"0%";"0";"0";"0";"0"
"1v";"nee";"kralg";"1v.1vd";"";"0";"0";"0";"0";"0";"0%";"0%";"0";"0";"0";"0";"0";"0%";"0";"0";"0";"0"
"1vh";"nee";"kralg";"1vh.1ba";"";"0";"0";"0";"0";"0";"0%";"0%";"0";"0";"0";"0";"0";"0%";"0";"0";"0";"0"
"1vh";"nee";"kralg";"1vh.1bb";"";"0";"0";"0";"0";"0";"0%";"0%";"0";"0";"0";"0";"0";"0%";"0";"0";"0";"0"
"1vh";"nee";"kralg";"1vh.1bc";"";"0";"0";"0";"0";"0";"0%";"0%";"0";"0";"0";"0";"0";"0%";"0";"0";"0";"0"
"1vp";"nee";"kralg";"1vp.1va";"";"0";"0";"0";"0";"0";"0%";"0%";"0";"0";"0";"0";"0";"0%";"0";"0";"0";"0"
"2h";"nee";"kralg";"2h.2ha";"";"0";"0";"0";"0";"0";"0%";"0%";"0";"0";"0";"0";"0";"0%";"0";"0";"0";"0"
"2h";"nee";"kralg";"2h.2hb";"";"0";"0";"0";"0";"0";"0%";"0%";"0";"0";"0";"0";"0";"0%";"0";"0";"0";"0"
"2h";"nee";"kralg";"2h.2hc";"";"0";"0";"0";"0";"0";"0%";"0%";"0";"0";"0";"0";"0";"0%";"0";"0";"0";"0"
"2h";"nee";"kralg";"2h.2hd";"";"0";"0";"0";"0";"0";"0%";"0%";"0";"0";"0";"0";"0";"0%";"0";"0";"0";"0"
"2v";"nee";"kralg";"2v.2vb";"";"0";"0";"0";"0";"0";"0%";"0%";"0";"0";"0";"0";"0";"0%";"0";"0";"0";"0"
"2v";"nee";"kralg";"2v.2vc";"";"0";"0";"0";"0";"0";"0%";"0%";"0";"0";"0";"0";"0";"0%";"0";"0";"0";"0"
"2v";"nee";"kralg";"2v.2vd";"";"0";"0";"0";"0";"0";"0%";"0%";"0";"0";"0";"0";"0";"0%";"0";"0";"0";"0"
"2v";"nee";"kralg";"2v.2ve";"";"0";"0";"0";"0";"0";"0%";"0%";"0";"0";"0";"0";"0";"0%";"0";"0";"0";"0"
"2vp";"nee";"kralg";"2vp.2va";"";"0";"0";"0";"0";"0";"0%";"0%";"0";"0";"0";"0";"0";"0%";"0";"0";"0";"0"
"3h";"nee";"kralg";"3h.3ha";"";"0";"0";"0";"0";"0";"0%";"0%";"0";"0";"0";"0";"0";"0%";"0";"0";"0";"0"
"3h";"nee";"kralg";"3h.3hb";"";"0";"0";"0";"0";"0";"0%";"0%";"0";"0";"0";"0";"0";"0%";"0";"0";"0";"0"
"3h";"nee";"kralg";"3h.3hc";"";"0";"0";"0";"0";"0";"0%";"0%";"0";"0";"0";"0";"0";"0%";"0";"0";"0";"0"
"3v";"nee";"kralg";"3v.3vc";"";"0";"0";"0";"0";"0";"0%";"0%";"0";"0";"0";"0";"0";"0%";"0";"0";"0";"0"
"3v";"nee";"kralg";"3v.3vd";"";"0";"0";"0";"0";"0";"0%";"0%";"0";"0";"0";"0";"0";"0%";"0";"0";"0";"0"
"3v";"nee";"kralg";"3v.3ve";"";"0";"0";"0";"0";"0";"0%";"0%";"0";"0";"0";"0";"0";"0%";"0";"0";"0";"0"
"3vp";"nee";"kralg";"3vp.3va";"";"0";"0";"0";"0";"0";"0%";"0%";"0";"0";"0";"0";"0";"0%";"0";"0";"0";"0"
"3vp";"nee";"kralg";"3vp.3vb";"";"0";"0";"0";"0";"0";"0%";"0%";"0";"0";"0";"0";"0";"0%";"0";"0";"0";"0"
"4h";"nee";"kralg";"4h.4ha";"Algemeen";"0";"0";"0";"0";"0";"0%";"0%";"0";"0";"0";"0";"0";"0%";"0";"0";"0";"0"
"4h";"nee";"kralg";"4h.4hb";"Algemeen";"0";"0";"0";"0";"0";"0%";"0%";"0";"0";"0";"0";"0";"0%";"0";"0";"0";"0"
"4h";"nee";"kralg";"4h.4hc";"Algemeen";"0";"0";"0";"0";"0";"0%";"0%";"0";"0";"0";"0";"0";"0%";"0";"0";"0";"0"
"4v";"nee";"kralg";"4v.4va";"";"0";"0";"0";"0";"0";"0%";"0%";"0";"0";"0";"0";"0";"0%";"0";"0";"0";"0"
"4v";"nee";"kralg";"4v.4vb";"";"0";"0";"0";"0";"0";"0%";"0%";"0";"0";"0";"0";"0";"0%";"0";"0";"0";"0"
"4v";"nee";"kralg";"4v.4vc";"";"0";"0";"0";"0";"0";"0%";"0%";"0";"0";"0";"0";"0";"0%";"0";"0";"0";"0"
"4v";"nee";"kralg";"4v.4vd";"";"0";"0";"0";"0";"0";"0%";"0%";"0";"0";"0";"0";"0";"0%";"0";"0";"0";"0"
"1v";"ja";"krlz";"";"";"12";"6";"0";"0";"6";"0%";"0%";"0";"0";"6";"0";"6";"50%";"0";"0";"3";"3"
"3h";"ja";"krlz";"";"";"8";"6";"0";"0";"6";"0%";"0%";"0";"0";"2";"0";"2";"25%";"0";"2";"2";"2"
"2h";"ja";"krlz";"";"";"8";"6";"0";"0";"6";"0%";"0%";"0";"0";"2";"0";"2";"25%";"0";"2";"2";"2"
"3v";"ja";"krlz";"";"";"8";"6";"0";"0";"6";"0%";"0%";"0";"0";"2";"0";"2";"25%";"0";"2";"2";"2"
"2vp";"ja";"krlz";"";"";"8";"6";"0";"0";"6";"0%";"0%";"0";"0";"2";"0";"2";"25%";"0";"2";"2";"2"
"3vp";"ja";"krlz";"";"";"8";"6";"0";"0";"6";"0%";"0%";"0";"0";"2";"0";"2";"25%";"0";"2";"2";"2"
"2v";"ja";"krlz";"";"";"8";"6";"0";"0";"6";"0%";"0%";"0";"0";"2";"0";"2";"25%";"0";"2";"2";"2"
"1vp";"ja";"krlz";"";"";"12";"6";"0";"0";"6";"0%";"0%";"0";"0";"6";"0";"6";"50%";"0";"0";"3";"3"
"1vh";"ja";"krlz";"";"";"12";"6";"0";"0";"6";"0%";"0%";"0";"0";"6";"0";"6";"50%";"0";"0";"3";"3"
"1h";"ja";"krlz";"";"";"12";"6";"0";"0";"6";"0%";"0%";"0";"0";"6";"0";"6";"50%";"0";"0";"3";"3"
"1h";"nee";"krlz";"1h.1ha";"";"0";"0";"0";"0";"0";"0%";"0%";"0";"0";"0";"0";"0";"0%";"0";"0";"0";"0"
"1v";"nee";"krlz";"1v.1vb";"";"0";"0";"0";"0";"0";"0%";"0%";"0";"0";"0";"0";"0";"0%";"0";"0";"0";"0"
"1v";"nee";"krlz";"1v.1vc";"";"0";"0";"0";"0";"0";"0%";"0%";"0";"0";"0";"0";"0";"0%";"0";"0";"0";"0"
"1v";"nee";"krlz";"1v.1vd";"";"0";"0";"0";"0";"0";"0%";"0%";"0";"0";"0";"0";"0";"0%";"0";"0";"0";"0"
"1vh";"nee";"krlz";"1vh.1ba";"";"0";"0";"0";"0";"0";"0%";"0%";"0";"0";"0";"0";"0";"0%";"0";"0";"0";"0"
"1vh";"nee";"krlz";"1vh.1bb";"";"0";"0";"0";"0";"0";"0%";"0%";"0";"0";"0";"0";"0";"0%";"0";"0";"0";"0"
"1vh";"nee";"krlz";"1vh.1bc";"";"0";"0";"0";"0";"0";"0%";"0%";"0";"0";"0";"0";"0";"0%";"0";"0";"0";"0"
"1vp";"nee";"krlz";"1vp.1va";"";"0";"0";"0";"0";"0";"0%";"0%";"0";"0";"0";"0";"0";"0%";"0";"0";"0";"0"
"2h";"nee";"krlz";"2h.2ha";"";"0";"0";"0";"0";"0";"0%";"0%";"0";"0";"0";"0";"0";"0%";"0";"0";"0";"0"
"2h";"nee";"krlz";"2h.2hb";"";"0";"0";"0";"0";"0";"0%";"0%";"0";"0";"0";"0";"0";"0%";"0";"0";"0";"0"
"2h";"nee";"krlz";"2h.2hc";"";"0";"0";"0";"0";"0";"0%";"0%";"0";"0";"0";"0";"0";"0%";"0";"0";"0";"0"
"2h";"nee";"krlz";"2h.2hd";"";"0";"0";"0";"0";"0";"0%";"0%";"0";"0";"0";"0";"0";"0%";"0";"0";"0";"0"
"2v";"nee";"krlz";"2v.2vb";"";"0";"0";"0";"0";"0";"0%";"0%";"0";"0";"0";"0";"0";"0%";"0";"0";"0";"0"
"2v";"nee";"krlz";"2v.2vc";"";"0";"0";"0";"0";"0";"0%";"0%";"0";"0";"0";"0";"0";"0%";"0";"0";"0";"0"
"2v";"nee";"krlz";"2v.2vd";"";"0";"0";"0";"0";"0";"0%";"0%";"0";"0";"0";"0";"0";"0%";"0";"0";"0";"0"
"2v";"nee";"krlz";"2v.2ve";"";"0";"0";"0";"0";"0";"0%";"0%";"0";"0";"0";"0";"0";"0%";"0";"0";"0";"0"
"2vp";"nee";"krlz";"2vp.2va";"";"0";"0";"0";"0";"0";"0%";"0%";"0";"0";"0";"0";"0";"0%";"0";"0";"0";"0"
"3h";"nee";"krlz";"3h.3ha";"";"0";"0";"0";"0";"0";"0%";"0%";"0";"0";"0";"0";"0";"0%";"0";"0";"0";"0"
"3h";"nee";"krlz";"3h.3hb";"";"0";"0";"0";"0";"0";"0%";"0%";"0";"0";"0";"0";"0";"0%";"0";"0";"0";"0"
"3h";"nee";"krlz";"3h.3hc";"";"0";"0";"0";"0";"0";"0%";"0%";"0";"0";"0";"0";"0";"0%";"0";"0";"0";"0"
"3v";"nee";"krlz";"3v.3vc";"";"0";"0";"0";"0";"0";"0%";"0%";"0";"0";"0";"0";"0";"0%";"0";"0";"0";"0"
"3v";"nee";"krlz";"3v.3vd";"";"0";"0";"0";"0";"0";"0%";"0%";"0";"0";"0";"0";"0";"0%";"0";"0";"0";"0"
"3v";"nee";"krlz";"3v.3ve";"";"0";"0";"0";"0";"0";"0%";"0%";"0";"0";"0";"0";"0";"0%";"0";"0";"0";"0"
"3vp";"nee";"krlz";"3vp.3va";"";"0";"0";"0";"0";"0";"0%";"0%";"0";"0";"0";"0";"0";"0%";"0";"0";"0";"0"
"3vp";"nee";"krlz";"3vp.3vb";"";"0";"0";"0";"0";"0";"0%";"0%";"0";"0";"0";"0";"0";"0%";"0";"0";"0";"0"
"1vh";"ja";"krmrt";"";"";"4";"0";"0";"4";"4";"0%";"100%";"0";"0";"0";"0";"0";"0%";"1";"1";"1";"1"
"1v";"ja";"krmrt";"";"";"4";"0";"0";"4";"4";"0%";"100%";"0";"0";"0";"0";"0";"0%";"1";"1";"1";"1"
"1h";"ja";"krmrt";"";"";"4";"0";"0";"4";"4";"0%";"100%";"0";"0";"0";"0";"0";"0%";"1";"1";"1";"1"
"1vp";"ja";"krmrt";"";"";"4";"0";"0";"4";"4";"0%";"100%";"0";"0";"0";"0";"0";"0%";"1";"1";"1";"1"
"1h";"nee";"lo";"1h.1ha";"LO";"16";"12";"0";"0";"12";"0%";"0%";"0";"0";"4";"0";"4";"25%";"0";"4";"4";"4"
"1v";"nee";"lo";"1v.1vb";"LO";"16";"12";"0";"0";"12";"0%";"0%";"0";"0";"4";"0";"4";"25%";"0";"4";"4";"4"
"1v";"nee";"lo";"1v.1vc";"LO";"16";"12";"0";"0";"12";"0%";"0%";"0";"0";"4";"0";"4";"25%";"0";"4";"4";"4"
"1v";"nee";"lo";"1v.1vd";"LO";"16";"12";"0";"0";"12";"0%";"0%";"0";"0";"4";"0";"4";"25%";"0";"4";"4";"4"
"1vh";"nee";"lo";"1vh.1ba";"LO";"16";"12";"0";"0";"12";"0%";"0%";"0";"0";"4";"0";"4";"25%";"0";"4";"4";"4"
"1vh";"nee";"lo";"1vh.1bb";"LO";"16";"10";"0";"0";"10";"0%";"0%";"0";"2";"4";"0";"6";"37,5%";"0";"4";"4";"2"
"1vh";"nee";"lo";"1vh.1bc";"LO";"16";"10";"1";"0";"11";"9,1%";"0%";"0";"0";"5";"0";"5";"31,3%";"0";"4";"3";"4"
"1vp";"nee";"lo";"1vp.1va";"LO";"16";"12";"0";"0";"12";"0%";"0%";"0";"0";"4";"0";"4";"25%";"0";"4";"4";"4"
"2h";"nee";"lo";"2h.2ha";"LO";"16";"11";"0";"0";"11";"0%";"0%";"0";"1";"4";"0";"5";"31,3%";"0";"4";"4";"3"
"2h";"nee";"lo";"2h.2hb";"LO";"16";"14";"0";"0";"14";"0%";"0%";"0";"0";"2";"0";"2";"12,5%";"2";"4";"4";"4"
"2h";"nee";"lo";"2h.2hc";"LO";"16";"10";"0";"0";"10";"0%";"0%";"0";"2";"4";"0";"6";"37,5%";"0";"4";"2";"4"
"2h";"nee";"lo";"2h.2hd";"LO";"16";"8";"0";"0";"8";"0%";"0%";"0";"6";"2";"0";"8";"50%";"0";"2";"4";"2"
"2v";"nee";"lo";"2v.2vb";"LO";"16";"12";"0";"0";"12";"0%";"0%";"0";"0";"4";"0";"4";"25%";"0";"4";"4";"4"
"2v";"nee";"lo";"2v.2vc";"LO";"16";"14";"0";"0";"14";"0%";"0%";"0";"0";"2";"0";"2";"12,5%";"2";"4";"4";"4"
"2v";"nee";"lo";"2v.2vd";"LO";"16";"14";"0";"0";"14";"0%";"0%";"0";"0";"2";"0";"2";"12,5%";"2";"4";"4";"4"
"2v";"nee";"lo";"2v.2ve";"LO";"16";"14";"0";"0";"14";"0%";"0%";"0";"0";"2";"0";"2";"12,5%";"2";"4";"4";"4"
"2vp";"nee";"lo";"2vp.2va";"LO";"16";"10";"0";"0";"10";"0%";"0%";"0";"4";"2";"0";"6";"37,5%";"0";"2";"4";"4"
"3h";"nee";"lo";"3h.3ha";"LO";"8";"6";"0";"0";"6";"0%";"0%";"0";"0";"2";"0";"2";"25%";"0";"2";"2";"2"
"3h";"nee";"lo";"3h.3hb";"LO";"8";"6";"0";"0";"6";"0%";"0%";"0";"0";"2";"0";"2";"25%";"0";"2";"2";"2"
"3h";"nee";"lo";"3h.3hc";"LO";"8";"4";"0";"0";"4";"0%";"0%";"0";"2";"2";"0";"4";"50%";"0";"2";"0";"2"
"3v";"nee";"lo";"3v.3vc";"LO";"8";"6";"0";"0";"6";"0%";"0%";"0";"0";"2";"0";"2";"25%";"0";"2";"2";"2"
"3v";"nee";"lo";"3v.3vd";"LO";"8";"6";"0";"0";"6";"0%";"0%";"0";"0";"2";"0";"2";"25%";"0";"2";"2";"2"
"3v";"nee";"lo";"3v.3ve";"LO";"8";"4";"0";"0";"4";"0%";"0%";"0";"2";"2";"0";"4";"50%";"0";"2";"0";"2"
"3vp";"nee";"lo";"3vp.3va";"LO";"8";"4";"0";"0";"4";"0%";"0%";"0";"2";"2";"0";"4";"50%";"0";"2";"0";"2"
"3vp";"nee";"lo";"3vp.3vb";"LO";"8";"6";"0";"0";"6";"0%";"0%";"0";"0";"2";"0";"2";"25%";"0";"2";"2";"2"
"4h";"nee";"lo";"4h.lo1";"LO";"8";"6";"0";"0";"6";"0%";"0%";"0";"0";"2";"0";"2";"25%";"0";"2";"2";"2"
"4h";"nee";"lo";"4h.lo2";"LO";"8";"6";"0";"0";"6";"0%";"0%";"0";"0";"2";"0";"2";"25%";"0";"2";"2";"2"
"4h";"nee";"lo";"4h.lo3";"LO";"8";"6";"0";"0";"6";"0%";"0%";"0";"0";"2";"0";"2";"25%";"0";"2";"2";"2"
"4v";"nee";"lo";"4v.lo1";"LO";"8";"6";"0";"0";"6";"0%";"0%";"0";"0";"2";"0";"2";"25%";"0";"2";"2";"2"
"4v";"nee";"lo";"4v.lo2";"LO";"8";"6";"0";"0";"6";"0%";"0%";"0";"0";"2";"0";"2";"25%";"0";"2";"2";"2"
"4v";"nee";"lo";"4v.lo3";"LO";"8";"4";"0";"0";"4";"0%";"0%";"0";"2";"2";"0";"4";"50%";"0";"2";"0";"2"
"4v";"nee";"lo";"4v.lo4";"LO";"8";"4";"0";"0";"4";"0%";"0%";"0";"2";"2";"0";"4";"50%";"0";"2";"2";"0"
"5h";"nee";"lo";"5h.lo1";"LO";"8";"8";"0";"0";"8";"0%";"0%";"0";"0";"0";"0";"0";"0%";"2";"2";"2";"2"
"5h";"nee";"lo";"5h.lo2";"LO";"8";"8";"0";"0";"8";"0%";"0%";"0";"0";"0";"0";"0";"0%";"2";"2";"2";"2"
"5h";"nee";"lo";"5h.lo3";"LO";"8";"8";"0";"0";"8";"0%";"0%";"0";"0";"0";"0";"0";"0%";"2";"2";"2";"2"
"5h";"nee";"lo";"5h.lo4";"LO";"8";"8";"0";"0";"8";"0%";"0%";"0";"0";"0";"0";"0";"0%";"2";"2";"2";"2"
"5v";"nee";"lo";"5v.lo1";"LO";"8";"6";"0";"0";"6";"0%";"0%";"0";"0";"2";"0";"2";"25%";"0";"2";"2";"2"
"5v";"nee";"lo";"5v.lo2";"LO";"8";"6";"0";"0";"6";"0%";"0%";"0";"0";"2";"0";"2";"25%";"0";"2";"2";"2"
"5v";"nee";"lo";"5v.lo3";"LO";"8";"6";"0";"0";"6";"0%";"0%";"0";"0";"2";"0";"2";"25%";"0";"2";"2";"2"
"5v";"nee";"lo";"5v.lo4";"LO";"8";"4";"0";"0";"4";"0%";"0%";"0";"4";"0";"0";"4";"50%";"0";"0";"2";"2"
"6v";"nee";"lo";"6v.lo1";"LO";"8";"6";"0";"0";"6";"0%";"0%";"0";"0";"2";"0";"2";"25%";"0";"2";"2";"2"
"6v";"nee";"lo";"6v.lo2";"LO";"8";"8";"0";"0";"8";"0%";"0%";"0";"0";"0";"0";"0";"0%";"2";"2";"2";"2"
"6v";"nee";"lo";"6v.lo3";"LO";"8";"8";"0";"0";"8";"0%";"0%";"0";"0";"0";"0";"0";"0%";"2";"2";"2";"2"
"6v";"nee";"lo";"6v.lo4";"LO";"8";"8";"0";"0";"8";"0%";"0%";"0";"0";"0";"0";"0";"0%";"2";"2";"2";"2"
"4h";"nee";"maat";"4h.maat1";"maat";"8";"4";"0";"0";"4";"0%";"0%";"0";"2";"2";"0";"4";"50%";"0";"2";"2";"0"
"4h";"nee";"maat";"4h.maat2";"maat";"8";"5";"0";"0";"5";"0%";"0%";"0";"2";"1";"0";"3";"37,5%";"1";"2";"2";"0"
"4h";"nee";"maat";"4h.maat3";"maat";"8";"5";"0";"0";"5";"0%";"0%";"0";"2";"1";"0";"3";"37,5%";"1";"2";"2";"0"
"4v";"nee";"maat";"4v.maat1";"maat";"8";"4";"0";"0";"4";"0%";"0%";"0";"2";"2";"0";"4";"50%";"0";"2";"2";"0"
"4v";"nee";"maat";"4v.maat2";"maat";"8";"5";"0";"0";"5";"0%";"0%";"0";"2";"1";"0";"3";"37,5%";"1";"2";"1";"1"
"4v";"nee";"maat";"4v.maat3";"maat";"8";"5";"0";"0";"5";"0%";"0%";"0";"2";"1";"0";"3";"37,5%";"1";"2";"2";"0"
"4v";"nee";"maat";"4v.maat4";"maat";"8";"6";"0";"0";"6";"0%";"0%";"0";"1";"1";"0";"2";"25%";"1";"2";"1";"2"
"1h";"nee";"med";"1h.1ha";"te&hndv&med";"0";"0";"0";"0";"0";"0%";"0%";"0";"0";"0";"0";"0";"0%";"0";"0";"0";"0"
"1v";"nee";"med";"1v.1vb";"te&hndv&med";"0";"0";"0";"0";"0";"0%";"0%";"0";"0";"0";"0";"0";"0%";"0";"0";"0";"0"
"1v";"nee";"med";"1v.1vc";"te&hndv&med";"0";"0";"0";"0";"0";"0%";"0%";"0";"0";"0";"0";"0";"0%";"0";"0";"0";"0"
"1v";"nee";"med";"1v.1vd";"te&hndv&med";"0";"0";"0";"0";"0";"0%";"0%";"0";"0";"0";"0";"0";"0%";"0";"0";"0";"0"
"1vh";"nee";"med";"1vh.1ba";"te&hndv&med";"4";"3";"0";"0";"3";"0%";"0%";"0";"0";"1";"0";"1";"25%";"0";"1";"1";"1"
"1vh";"nee";"med";"1vh.1bb";"te&hndv&med";"4";"3";"0";"0";"3";"0%";"0%";"0";"0";"1";"0";"1";"25%";"0";"1";"1";"1"
"1vh";"nee";"med";"1vh.1bc";"te&hndv&med";"4";"3";"0";"0";"3";"0%";"0%";"0";"0";"1";"0";"1";"25%";"0";"1";"1";"1"
"1vp";"nee";"med";"1vp.1va";"te&hndv&med";"0";"0";"0";"0";"0";"0%";"0%";"0";"0";"0";"0";"0";"0%";"0";"0";"0";"0"
"2h";"nee";"med";"2h.2ha";"te&hndv&med";"0";"0";"0";"0";"0";"0%";"0%";"0";"0";"0";"0";"0";"0%";"0";"0";"0";"0"
"2h";"nee";"med";"2h.2hb";"te&hndv&med";"0";"0";"0";"0";"0";"0%";"0%";"0";"0";"0";"0";"0";"0%";"0";"0";"0";"0"
"2h";"nee";"med";"2h.2hc";"te&hndv&med";"0";"0";"0";"0";"0";"0%";"0%";"0";"0";"0";"0";"0";"0%";"0";"0";"0";"0"
"2h";"nee";"med";"2h.2hd";"te&hndv&med";"0";"0";"0";"0";"0";"0%";"0%";"0";"0";"0";"0";"0";"0%";"0";"0";"0";"0"
"2v";"nee";"med";"2v.2vb";"te&hndv&med";"4";"2";"0";"0";"2";"0%";"0%";"0";"1";"1";"0";"2";"50%";"0";"1";"1";"0"
"2v";"nee";"med";"2v.2vc";"te&hndv&med";"4";"2";"0";"0";"2";"0%";"0%";"0";"1";"1";"0";"2";"50%";"0";"1";"1";"0"
"2v";"nee";"med";"2v.2vd";"te&hndv&med";"4";"3";"0";"0";"3";"0%";"0%";"0";"0";"1";"0";"1";"25%";"0";"1";"1";"1"
"2v";"nee";"med";"2v.2ve";"te&hndv&med";"4";"3";"0";"0";"3";"0%";"0%";"0";"0";"1";"0";"1";"25%";"0";"1";"1";"1"
"2vp";"nee";"med";"2vp.2va";"te&hndv&med";"4";"2";"0";"0";"2";"0%";"0%";"0";"2";"0";"0";"2";"50%";"1";"1";"0";"0"
"1h";"nee";"men";"1h.1ha";"men";"4";"3";"0";"0";"3";"0%";"0%";"0";"0";"1";"0";"1";"25%";"0";"1";"1";"1"
"1v";"nee";"men";"1v.1vb";"men";"4";"3";"0";"0";"3";"0%";"0%";"0";"0";"1";"0";"1";"25%";"0";"1";"1";"1"
"1v";"nee";"men";"1v.1vc";"men";"4";"3";"0";"0";"3";"0%";"0%";"0";"0";"1";"0";"1";"25%";"0";"1";"1";"1"
"1v";"nee";"men";"1v.1vd";"men";"4";"3";"0";"0";"3";"0%";"0%";"0";"0";"1";"0";"1";"25%";"0";"1";"1";"1"
"1vh";"nee";"men";"1vh.1ba";"men";"4";"3";"0";"0";"3";"0%";"0%";"0";"0";"1";"0";"1";"25%";"0";"1";"1";"1"
"1vh";"nee";"men";"1vh.1bb";"men";"4";"2";"1";"0";"3";"33,3%";"0%";"0";"0";"1";"0";"1";"25%";"0";"1";"1";"1"
"1vh";"nee";"men";"1vh.1bc";"men";"4";"3";"0";"0";"3";"0%";"0%";"0";"0";"1";"0";"1";"25%";"0";"1";"1";"1"
"1vp";"nee";"men";"1vp.1va";"men";"4";"3";"0";"0";"3";"0%";"0%";"0";"0";"1";"0";"1";"25%";"0";"1";"1";"1"
"2h";"nee";"men";"2h.2ha";"men";"4";"3";"0";"0";"3";"0%";"0%";"0";"0";"1";"0";"1";"25%";"0";"1";"1";"1"
"2h";"nee";"men";"2h.2hb";"men";"4";"3";"0";"0";"3";"0%";"0%";"0";"0";"1";"0";"1";"25%";"0";"1";"1";"1"
"2h";"nee";"men";"2h.2hc";"men";"4";"3";"0";"0";"3";"0%";"0%";"0";"0";"1";"0";"1";"25%";"0";"1";"1";"1"
"2h";"nee";"men";"2h.2hd";"men";"4";"3";"0";"0";"3";"0%";"0%";"0";"0";"1";"0";"1";"25%";"0";"1";"1";"1"
"2v";"nee";"men";"2v.2vb";"men";"4";"3";"0";"0";"3";"0%";"0%";"0";"1";"0";"0";"1";"25%";"1";"1";"0";"1"
"2v";"nee";"men";"2v.2vc";"men";"4";"3";"0";"0";"3";"0%";"0%";"0";"0";"1";"0";"1";"25%";"0";"1";"1";"1"
"2v";"nee";"men";"2v.2vd";"men";"4";"3";"0";"0";"3";"0%";"0%";"0";"0";"1";"0";"1";"25%";"0";"1";"1";"1"
"2v";"nee";"men";"2v.2ve";"men";"4";"3";"0";"0";"3";"0%";"0%";"0";"0";"1";"0";"1";"25%";"0";"1";"1";"1"
"2vp";"nee";"men";"2vp.2va";"men";"4";"2";"0";"0";"2";"0%";"0%";"0";"1";"1";"0";"2";"50%";"0";"1";"1";"0"
"3h";"nee";"men";"3h.3ha";"men";"4";"3";"0";"0";"3";"0%";"0%";"0";"0";"1";"0";"1";"25%";"0";"1";"1";"1"
"3h";"nee";"men";"3h.3hb";"men";"4";"3";"0";"0";"3";"0%";"0%";"0";"0";"1";"0";"1";"25%";"0";"1";"1";"1"
"3h";"nee";"men";"3h.3hc";"men";"4";"3";"0";"0";"3";"0%";"0%";"0";"0";"1";"0";"1";"25%";"0";"1";"1";"1"
"3v";"nee";"men";"3v.3vc";"men";"4";"3";"0";"0";"3";"0%";"0%";"0";"0";"1";"0";"1";"25%";"0";"1";"1";"1"
"3v";"nee";"men";"3v.3vd";"men";"4";"3";"0";"0";"3";"0%";"0%";"0";"0";"1";"0";"1";"25%";"0";"1";"1";"1"
"3v";"nee";"men";"3v.3ve";"men";"4";"3";"0";"0";"3";"0%";"0%";"0";"0";"1";"0";"1";"25%";"0";"1";"1";"1"
"3vp";"nee";"men";"3vp.3va";"men";"4";"3";"0";"0";"3";"0%";"0%";"0";"0";"1";"0";"1";"25%";"0";"1";"1";"1"
"3vp";"nee";"men";"3vp.3vb";"men";"4";"3";"0";"0";"3";"0%";"0%";"0";"0";"1";"0";"1";"25%";"0";"1";"1";"1"
"4h";"nee";"men";"4h.4ha";"men";"8";"8";"0";"0";"8";"0%";"0%";"0";"0";"0";"0";"0";"0%";"2";"2";"2";"2"
"4h";"nee";"men";"4h.4hb";"men";"8";"6";"0";"0";"6";"0%";"0%";"0";"0";"2";"0";"2";"25%";"0";"2";"2";"2"
"4h";"nee";"men";"4h.4hc";"men";"8";"5";"0";"0";"5";"0%";"0%";"0";"2";"1";"0";"3";"37,5%";"1";"2";"0";"2"
"4v";"nee";"men";"4v.4va";"men";"8";"6";"0";"0";"6";"0%";"0%";"0";"0";"2";"0";"2";"25%";"0";"2";"2";"2"
"4v";"nee";"men";"4v.4vb";"men";"8";"6";"0";"0";"6";"0%";"0%";"0";"0";"2";"0";"2";"25%";"0";"2";"2";"2"
"4v";"nee";"men";"4v.4vc";"men";"8";"5";"0";"0";"5";"0%";"0%";"0";"2";"1";"0";"3";"37,5%";"1";"2";"2";"0"
"4v";"nee";"men";"4v.4vd";"men";"8";"7";"0";"0";"7";"0%";"0%";"0";"0";"1";"0";"1";"12,5%";"1";"2";"2";"2"
"5h";"nee";"men";"5h.men1";"men";"4";"2";"0";"0";"2";"0%";"0%";"0";"1";"1";"0";"2";"50%";"0";"1";"1";"0"
"5h";"nee";"men";"5h.men2";"men";"4";"3";"0";"0";"3";"0%";"0%";"0";"0";"1";"0";"1";"25%";"0";"1";"1";"1"
"5h";"nee";"men";"5h.men3";"men";"4";"3";"0";"0";"3";"0%";"0%";"0";"0";"1";"0";"1";"25%";"0";"1";"1";"1"
"5h";"nee";"men";"5h.men4";"men";"4";"3";"0";"0";"3";"0%";"0%";"0";"0";"1";"0";"1";"25%";"0";"1";"1";"1"
"5h";"nee";"men";"5h.men5";"men";"4";"2";"0";"0";"2";"0%";"0%";"0";"1";"1";"0";"2";"50%";"0";"1";"1";"0"
"5h";"nee";"men";"5h.men6";"men";"4";"3";"0";"0";"3";"0%";"0%";"0";"0";"1";"0";"1";"25%";"0";"1";"1";"1"
"5h";"nee";"men";"5h.men7";"men";"4";"2";"0";"0";"2";"0%";"0%";"0";"1";"1";"0";"2";"50%";"0";"0";"1";"1"
"5v";"nee";"men";"5v.5va";"men";"4";"3";"0";"0";"3";"0%";"0%";"0";"0";"1";"0";"1";"25%";"0";"1";"1";"1"
"5v";"nee";"men";"5v.5vb";"men";"4";"3";"0";"0";"3";"0%";"0%";"0";"0";"1";"0";"1";"25%";"0";"1";"1";"1"
"5v";"nee";"men";"5v.5vc";"men";"4";"2";"0";"0";"2";"0%";"0%";"0";"1";"1";"0";"2";"50%";"0";"1";"0";"1"
"5v";"nee";"men";"5v.5vd";"men";"4";"3";"0";"0";"3";"0%";"0%";"0";"0";"1";"0";"1";"25%";"0";"1";"1";"1"
"6v";"nee";"men";"6v.men1";"men";"4";"3";"0";"0";"3";"0%";"0%";"0";"0";"1";"0";"1";"25%";"0";"1";"1";"1"
"6v";"nee";"men";"6v.men2";"men";"4";"3";"0";"0";"3";"0%";"0%";"0";"0";"1";"0";"1";"25%";"0";"1";"1";"1"
"6v";"nee";"men";"6v.men3";"men";"4";"3";"0";"0";"3";"0%";"0%";"0";"0";"1";"0";"1";"25%";"0";"1";"1";"1"
"6v";"nee";"men";"6v.men4";"men";"4";"3";"0";"0";"3";"0%";"0%";"0";"0";"1";"0";"1";"25%";"0";"1";"1";"1"
"6v";"nee";"men";"6v.men5";"men";"4";"2";"0";"0";"2";"0%";"0%";"0";"1";"1";"0";"2";"50%";"0";"0";"1";"1"
"6v";"nee";"men";"6v.men6";"men";"4";"2";"0";"0";"2";"0%";"0%";"0";"1";"1";"0";"2";"50%";"0";"0";"1";"1"
"6v";"nee";"men";"6v.men7";"men";"4";"2";"0";"0";"2";"0%";"0%";"0";"1";"1";"0";"2";"50%";"0";"1";"1";"0"
"6v";"nee";"men";"6v.men8";"men";"4";"3";"0";"0";"3";"0%";"0%";"0";"0";"1";"0";"1";"25%";"0";"1";"1";"1"
"4h";"nee";"mod";"4h.mod10";"";"0";"0";"0";"0";"0";"0%";"0%";"0";"0";"0";"0";"0";"0%";"0";"0";"0";"0"
"4h";"nee";"mod";"4h.mod12";"";"8";"4";"0";"0";"4";"0%";"0%";"0";"2";"2";"0";"4";"50%";"0";"0";"2";"2"
"4h";"nee";"mod";"4h.mod15";"";"0";"0";"0";"0";"0";"0%";"0%";"0";"0";"0";"0";"0";"0%";"0";"0";"0";"0"
"4h";"nee";"mod";"4h.mod16";"";"0";"0";"0";"0";"0";"0%";"0%";"0";"0";"0";"0";"0";"0%";"0";"0";"0";"0"
"4h";"nee";"mod";"4h.mod18";"";"8";"6";"0";"0";"6";"0%";"0%";"0";"0";"2";"0";"2";"25%";"0";"2";"2";"2"
"4h";"nee";"mod";"4h.mod19";"";"8";"8";"0";"0";"8";"0%";"0%";"0";"0";"0";"0";"0";"0%";"2";"2";"2";"2"
"4h";"nee";"mod";"4h.mod2";"";"8";"6";"0";"0";"6";"0%";"0%";"0";"0";"2";"0";"2";"25%";"0";"2";"2";"2"
"4h";"nee";"mod";"4h.mod20";"";"8";"6";"0";"0";"6";"0%";"0%";"0";"0";"2";"0";"2";"25%";"0";"2";"2";"2"
"4h";"nee";"mod";"4h.mod21";"";"8";"6";"0";"0";"6";"0%";"0%";"0";"0";"2";"0";"2";"25%";"0";"2";"2";"2"
"4h";"nee";"mod";"4h.mod23";"";"8";"6";"0";"0";"6";"0%";"0%";"0";"0";"2";"0";"2";"25%";"0";"2";"2";"2"
"4h";"nee";"mod";"4h.mod24";"";"0";"0";"0";"0";"0";"0%";"0%";"0";"0";"0";"0";"0";"0%";"0";"0";"0";"0"
"4h";"nee";"mod";"4h.mod26";"";"8";"6";"0";"0";"6";"0%";"0%";"0";"0";"2";"0";"2";"25%";"0";"2";"2";"2"
"4h";"nee";"mod";"4h.mod3";"";"8";"6";"0";"0";"6";"0%";"0%";"0";"0";"2";"0";"2";"25%";"0";"2";"2";"2"
"4h";"nee";"mod";"4h.mod4";"";"8";"6";"0";"0";"6";"0%";"0%";"0";"0";"2";"0";"2";"25%";"0";"2";"2";"2"
"4h";"nee";"mod";"4h.mod5";"";"0";"0";"0";"0";"0";"0%";"0%";"0";"0";"0";"0";"0";"0%";"0";"0";"0";"0"
"4h";"nee";"mod";"4h.mod7";"";"0";"0";"0";"0";"0";"0%";"0%";"0";"0";"0";"0";"0";"0%";"0";"0";"0";"0"
"4h";"nee";"mod";"4h.mod8";"";"8";"6";"0";"0";"6";"0%";"0%";"0";"0";"2";"0";"2";"25%";"0";"2";"2";"2"
"4h";"nee";"mod";"4h.mod9";"";"0";"0";"0";"0";"0";"0%";"0%";"0";"0";"0";"0";"0";"0%";"0";"0";"0";"0"
"4v";"nee";"mod";"4v.mod10";"";"0";"0";"0";"0";"0";"0%";"0%";"0";"0";"0";"0";"0";"0%";"0";"0";"0";"0"
"4v";"nee";"mod";"4v.mod12";"";"8";"4";"0";"0";"4";"0%";"0%";"0";"2";"2";"0";"4";"50%";"0";"0";"2";"2"
"4v";"nee";"mod";"4v.mod15";"";"0";"0";"0";"0";"0";"0%";"0%";"0";"0";"0";"0";"0";"0%";"0";"0";"0";"0"
"4v";"nee";"mod";"4v.mod16";"";"0";"0";"0";"0";"0";"0%";"0%";"0";"0";"0";"0";"0";"0%";"0";"0";"0";"0"
"4v";"nee";"mod";"4v.mod18";"";"8";"6";"0";"0";"6";"0%";"0%";"0";"0";"2";"0";"2";"25%";"0";"2";"2";"2"
"4v";"nee";"mod";"4v.mod19";"";"8";"8";"0";"0";"8";"0%";"0%";"0";"0";"0";"0";"0";"0%";"2";"2";"2";"2"
"4v";"nee";"mod";"4v.mod2";"";"8";"6";"0";"0";"6";"0%";"0%";"0";"0";"2";"0";"2";"25%";"0";"2";"2";"2"
"4v";"nee";"mod";"4v.mod20";"";"8";"6";"0";"0";"6";"0%";"0%";"0";"0";"2";"0";"2";"25%";"0";"2";"2";"2"
"4v";"nee";"mod";"4v.mod21";"";"8";"6";"0";"0";"6";"0%";"0%";"0";"0";"2";"0";"2";"25%";"0";"2";"2";"2"
"4v";"nee";"mod";"4v.mod23";"";"8";"6";"0";"0";"6";"0%";"0%";"0";"0";"2";"0";"2";"25%";"0";"2";"2";"2"
"4v";"nee";"mod";"4v.mod24";"";"0";"0";"0";"0";"0";"0%";"0%";"0";"0";"0";"0";"0";"0%";"0";"0";"0";"0"
"4v";"nee";"mod";"4v.mod26";"";"8";"6";"0";"0";"6";"0%";"0%";"0";"0";"2";"0";"2";"25%";"0";"2";"2";"2"
"4v";"nee";"mod";"4v.mod3";"";"8";"6";"0";"0";"6";"0%";"0%";"0";"0";"2";"0";"2";"25%";"0";"2";"2";"2"
"4v";"nee";"mod";"4v.mod4";"";"8";"6";"0";"0";"6";"0%";"0%";"0";"0";"2";"0";"2";"25%";"0";"2";"2";"2"
"4v";"nee";"mod";"4v.mod5";"";"0";"0";"0";"0";"0";"0%";"0%";"0";"0";"0";"0";"0";"0%";"0";"0";"0";"0"
"4v";"nee";"mod";"4v.mod7";"";"0";"0";"0";"0";"0";"0%";"0%";"0";"0";"0";"0";"0";"0%";"0";"0";"0";"0"
"4v";"nee";"mod";"4v.mod8";"";"8";"6";"0";"0";"6";"0%";"0%";"0";"0";"2";"0";"2";"25%";"0";"2";"2";"2"
"4v";"nee";"mod";"4v.mod9";"";"0";"0";"0";"0";"0";"0%";"0%";"0";"0";"0";"0";"0";"0%";"0";"0";"0";"0"
"1h";"nee";"mu";"1h.1ha";"mu";"4";"3";"0";"0";"3";"0%";"0%";"0";"0";"1";"0";"1";"25%";"0";"1";"1";"1"
"1v";"nee";"mu";"1v.1vb";"mu";"4";"2";"0";"0";"2";"0%";"0%";"0";"1";"1";"0";"2";"50%";"0";"1";"1";"0"
"1v";"nee";"mu";"1v.1vc";"mu";"4";"3";"0";"0";"3";"0%";"0%";"0";"0";"1";"0";"1";"25%";"0";"1";"1";"1"
"1v";"nee";"mu";"1v.1vd";"mu";"4";"3";"0";"0";"3";"0%";"0%";"0";"0";"1";"0";"1";"25%";"0";"1";"1";"1"
"1vh";"nee";"mu";"1vh.1ba";"mu";"4";"3";"0";"0";"3";"0%";"0%";"0";"0";"1";"0";"1";"25%";"0";"1";"1";"1"
"1vh";"nee";"mu";"1vh.1bb";"mu";"4";"3";"0";"0";"3";"0%";"0%";"0";"0";"1";"0";"1";"25%";"0";"1";"1";"1"
"1vh";"nee";"mu";"1vh.1bc";"mu";"4";"3";"0";"0";"3";"0%";"0%";"0";"0";"1";"0";"1";"25%";"0";"1";"1";"1"
"1vp";"nee";"mu";"1vp.1va";"mu";"4";"3";"0";"0";"3";"0%";"0%";"0";"0";"1";"0";"1";"25%";"0";"1";"1";"1"
"2h";"nee";"mu";"2h.2ha";"mu";"4";"2";"0";"0";"2";"0%";"0%";"0";"2";"0";"0";"2";"50%";"0";"1";"1";"0"
"2h";"nee";"mu";"2h.2hb";"mu";"4";"3";"0";"0";"3";"0%";"0%";"0";"0";"1";"0";"1";"25%";"0";"1";"1";"1"
"2h";"nee";"mu";"2h.2hc";"mu";"4";"3";"0";"0";"3";"0%";"0%";"0";"0";"1";"0";"1";"25%";"0";"1";"1";"1"
"2h";"nee";"mu";"2h.2hd";"mu";"4";"3";"0";"0";"3";"0%";"0%";"0";"0";"1";"0";"1";"25%";"0";"1";"1";"1"
"2v";"nee";"mu";"2v.2vb";"mu";"4";"3";"0";"0";"3";"0%";"0%";"0";"0";"1";"0";"1";"25%";"0";"1";"1";"1"
"2v";"nee";"mu";"2v.2vc";"mu";"4";"2";"0";"0";"2";"0%";"0%";"0";"2";"0";"0";"2";"50%";"0";"1";"1";"0"
"2v";"nee";"mu";"2v.2vd";"mu";"4";"3";"0";"0";"3";"0%";"0%";"0";"1";"0";"0";"1";"25%";"0";"1";"1";"1"
"2v";"nee";"mu";"2v.2ve";"mu";"4";"3";"0";"0";"3";"0%";"0%";"0";"0";"1";"0";"1";"25%";"0";"1";"1";"1"
"2vp";"nee";"mu";"2vp.2va";"mu";"4";"3";"0";"0";"3";"0%";"0%";"0";"0";"1";"0";"1";"25%";"0";"1";"1";"1"
"3h";"nee";"mu";"3h.3ha";"mu";"4";"3";"0";"0";"3";"0%";"0%";"0";"0";"1";"0";"1";"25%";"0";"1";"1";"1"
"3h";"nee";"mu";"3h.3hb";"mu";"4";"2";"0";"0";"2";"0%";"0%";"0";"0";"2";"0";"2";"50%";"0";"1";"1";"0"
"3h";"nee";"mu";"3h.3hc";"mu";"4";"3";"0";"0";"3";"0%";"0%";"0";"0";"1";"0";"1";"25%";"0";"1";"1";"1"
"3v";"nee";"mu";"3v.3vc";"mu";"4";"3";"0";"0";"3";"0%";"0%";"0";"0";"1";"0";"1";"25%";"0";"1";"1";"1"
"3v";"nee";"mu";"3v.3vd";"mu";"4";"3";"0";"0";"3";"0%";"0%";"0";"0";"1";"0";"1";"25%";"0";"1";"1";"1"
"3v";"nee";"mu";"3v.3ve";"mu";"4";"3";"0";"0";"3";"0%";"0%";"0";"0";"1";"0";"1";"25%";"0";"1";"1";"1"
"3vp";"nee";"mu";"3vp.3va";"mu";"4";"3";"0";"0";"3";"0%";"0%";"0";"0";"1";"0";"1";"25%";"0";"1";"1";"1"
"3vp";"nee";"mu";"3vp.3vb";"mu";"4";"3";"0";"0";"3";"0%";"0%";"0";"0";"1";"0";"1";"25%";"0";"1";"1";"1"
"4h";"nee";"mu";"4h.mu1";"mu";"8";"4";"0";"0";"4";"0%";"0%";"0";"4";"0";"0";"4";"50%";"0";"2";"2";"0"
"4v";"nee";"mu";"4v.mu1";"mu";"8";"6";"0";"0";"6";"0%";"0%";"0";"2";"0";"0";"2";"25%";"0";"2";"2";"2"
"5h";"nee";"mu";"5h.mu1";"mu";"8";"6";"0";"0";"6";"0%";"0%";"0";"0";"2";"0";"2";"25%";"0";"2";"2";"2"
"5v";"nee";"mu";"5v.mu1";"mu";"8";"8";"0";"0";"8";"0%";"0%";"0";"0";"0";"0";"0";"0%";"2";"2";"2";"2"
"6v";"nee";"mu";"6v.mu1";"mu";"8";"8";"0";"0";"8";"0%";"0%";"0";"0";"0";"0";"0";"0%";"2";"2";"2";"2"
"4h";"nee";"mut";"4h.mut1";"mu";"4";"3";"0";"0";"3";"0%";"0%";"0";"0";"1";"0";"1";"25%";"0";"1";"1";"1"
"4v";"nee";"mut";"4v.mut1";"";"4";"3";"0";"0";"3";"0%";"0%";"0";"1";"0";"0";"1";"25%";"0";"1";"1";"1"
"5h";"nee";"mut";"5h.mut1";"mu";"4";"4";"0";"0";"4";"0%";"0%";"0";"0";"0";"0";"0";"0%";"1";"1";"1";"1"
"5v";"nee";"mut";"5v.mut1";"mu";"4";"3";"0";"0";"3";"0%";"0%";"0";"0";"1";"0";"1";"25%";"0";"1";"1";"1"
"6v";"nee";"mut";"6v.mut1";"mu";"4";"3";"0";"0";"3";"0%";"0%";"0";"0";"1";"0";"1";"25%";"0";"1";"1";"1"
"3vp";"ja";"na";"";"";"4";"3";"0";"0";"3";"0%";"0%";"0";"0";"1";"0";"1";"25%";"0";"1";"1";"1"
"3v";"ja";"na";"";"";"4";"3";"0";"0";"3";"0%";"0%";"0";"0";"1";"0";"1";"25%";"0";"1";"1";"1"
"3h";"ja";"na";"";"";"4";"3";"0";"0";"3";"0%";"0%";"0";"0";"1";"0";"1";"25%";"0";"1";"1";"1"
"3h";"nee";"na";"3h.3ha";"";"12";"9";"0";"0";"9";"0%";"0%";"0";"0";"3";"0";"3";"25%";"0";"3";"3";"3"
"3h";"nee";"na";"3h.3hb";"";"12";"9";"0";"0";"9";"0%";"0%";"0";"0";"3";"0";"3";"25%";"0";"3";"3";"3"
"3h";"nee";"na";"3h.3hc";"";"12";"9";"0";"0";"9";"0%";"0%";"0";"0";"3";"0";"3";"25%";"0";"3";"3";"3"
"3v";"nee";"na";"3v.3vc";"";"12";"10";"0";"0";"10";"0%";"0%";"0";"0";"2";"0";"2";"16,7%";"1";"3";"3";"3"
"3v";"nee";"na";"3v.3vd";"";"12";"9";"0";"0";"9";"0%";"0%";"0";"0";"3";"0";"3";"25%";"0";"3";"3";"3"
"3v";"nee";"na";"3v.3ve";"";"12";"10";"0";"0";"10";"0%";"0%";"0";"0";"2";"0";"2";"16,7%";"1";"3";"3";"3"
"3vp";"nee";"na";"3vp.na1";"";"12";"10";"0";"0";"10";"0%";"0%";"0";"0";"2";"0";"2";"16,7%";"1";"3";"3";"3"
"3vp";"nee";"na";"3vp.na2";"";"12";"10";"0";"0";"10";"0%";"0%";"0";"0";"2";"0";"2";"16,7%";"1";"3";"3";"3"
"5v";"ja";"nat";"";"nask";"4";"3";"0";"0";"3";"0%";"0%";"0";"0";"1";"0";"1";"25%";"0";"1";"1";"1"
"4v";"ja";"nat";"";"nask";"4";"3";"0";"0";"3";"0%";"0%";"0";"0";"1";"0";"1";"25%";"0";"1";"1";"1"
"4h";"ja";"nat";"";"nask";"4";"3";"0";"0";"3";"0%";"0%";"0";"0";"1";"0";"1";"25%";"0";"1";"1";"1"
"6v";"ja";"nat";"";"nask";"4";"3";"0";"0";"3";"0%";"0%";"0";"0";"1";"0";"1";"25%";"0";"1";"1";"1"
"5h";"ja";"nat";"";"nask";"4";"3";"0";"0";"3";"0%";"0%";"0";"0";"1";"0";"1";"25%";"0";"1";"1";"1"
"4h";"nee";"nat";"4h.nat1";"nask";"12";"10";"0";"0";"10";"0%";"0%";"0";"0";"2";"0";"2";"16,7%";"1";"3";"3";"3"
"4v";"nee";"nat";"4v.nat1";"nask";"8";"6";"0";"0";"6";"0%";"0%";"0";"0";"2";"0";"2";"25%";"0";"2";"2";"2"
"4v";"nee";"nat";"4v.nat2";"nask";"8";"7";"0";"0";"7";"0%";"0%";"0";"0";"1";"0";"1";"12,5%";"1";"2";"2";"2"
"5h";"nee";"nat";"5h.nat1";"nask";"16";"13";"0";"0";"13";"0%";"0%";"0";"0";"3";"0";"3";"18,8%";"1";"4";"4";"4"
"5h";"nee";"nat";"5h.nat2";"nask";"16";"13";"0";"0";"13";"0%";"0%";"0";"0";"3";"0";"3";"18,8%";"1";"4";"4";"4"
"5v";"nee";"nat";"5v.nat1";"nask";"12";"10";"0";"0";"10";"0%";"0%";"0";"0";"2";"0";"2";"16,7%";"1";"3";"3";"3"
"5v";"nee";"nat";"5v.nat2";"nask";"12";"10";"0";"0";"10";"0%";"0%";"0";"0";"2";"0";"2";"16,7%";"1";"3";"3";"3"
"6v";"nee";"nat";"6v.nat1";"nask";"12";"9";"0";"0";"9";"0%";"0%";"0";"0";"3";"0";"3";"25%";"0";"3";"3";"3"
"6v";"nee";"nat";"6v.nat2";"nask";"12";"10";"0";"0";"10";"0%";"0%";"0";"0";"2";"0";"2";"16,7%";"1";"3";"3";"3"
"6v";"nee";"nat";"6v.nat3";"nask";"12";"10";"0";"0";"10";"0%";"0%";"0";"0";"2";"0";"2";"16,7%";"1";"3";"3";"3"
"3h";"ja";"ne";"";"";"4";"3";"0";"0";"3";"0%";"0%";"0";"0";"1";"0";"1";"25%";"0";"1";"1";"1"
"2vp";"ja";"ne";"";"";"4";"3";"0";"0";"3";"0%";"0%";"0";"0";"1";"0";"1";"25%";"0";"1";"1";"1"
"3v";"ja";"ne";"";"";"4";"3";"0";"0";"3";"0%";"0%";"0";"0";"1";"0";"1";"25%";"0";"1";"1";"1"
"1v";"ja";"ne";"";"";"8";"4";"0";"0";"4";"0%";"0%";"0";"0";"4";"0";"4";"50%";"0";"0";"2";"2"
"1vp";"ja";"ne";"";"";"8";"4";"0";"0";"4";"0%";"0%";"0";"0";"4";"0";"4";"50%";"0";"0";"2";"2"
"1h";"ja";"ne";"";"";"8";"4";"0";"0";"4";"0%";"0%";"0";"0";"4";"0";"4";"50%";"0";"0";"2";"2"
"3vp";"ja";"ne";"";"";"4";"3";"0";"0";"3";"0%";"0%";"0";"0";"1";"0";"1";"25%";"0";"1";"1";"1"
"1vh";"ja";"ne";"";"";"8";"4";"0";"0";"4";"0%";"0%";"0";"0";"4";"0";"4";"50%";"0";"0";"2";"2"
"2h";"ja";"ne";"";"";"4";"3";"0";"0";"3";"0%";"0%";"0";"0";"1";"0";"1";"25%";"0";"1";"1";"1"
"2v";"ja";"ne";"";"";"4";"3";"0";"0";"3";"0%";"0%";"0";"0";"1";"0";"1";"25%";"0";"1";"1";"1"
"1h";"nee";"ne";"1h.1ha";"";"16";"12";"0";"0";"12";"0%";"0%";"0";"0";"4";"0";"4";"25%";"0";"4";"4";"4"
"1v";"nee";"ne";"1v.1vb";"";"16";"12";"0";"0";"12";"0%";"0%";"0";"0";"4";"0";"4";"25%";"0";"4";"4";"4"
"1v";"nee";"ne";"1v.1vc";"";"16";"10";"0";"0";"10";"0%";"0%";"0";"2";"4";"0";"6";"37,5%";"0";"4";"4";"2"
"1v";"nee";"ne";"1v.1vd";"";"16";"10";"1";"0";"11";"9,1%";"0%";"0";"1";"4";"0";"5";"31,3%";"0";"4";"4";"3"
"1vh";"nee";"ne";"1vh.1ba";"";"16";"12";"0";"0";"12";"0%";"0%";"0";"0";"4";"0";"4";"25%";"0";"4";"4";"4"
"1vh";"nee";"ne";"1vh.1bb";"";"16";"12";"0";"0";"12";"0%";"0%";"0";"0";"4";"0";"4";"25%";"0";"4";"4";"4"
"1vh";"nee";"ne";"1vh.1bc";"";"16";"12";"0";"0";"12";"0%";"0%";"0";"0";"4";"0";"4";"25%";"0";"4";"4";"4"
"1vp";"nee";"ne";"1vp.1va";"";"16";"12";"0";"0";"12";"0%";"0%";"0";"0";"4";"0";"4";"25%";"0";"4";"4";"4"
"2h";"nee";"ne";"2h.2ha";"";"16";"13";"0";"0";"13";"0%";"0%";"0";"0";"3";"0";"3";"18,8%";"1";"4";"4";"4"
"2h";"nee";"ne";"2h.2hb";"";"16";"12";"0";"0";"12";"0%";"0%";"0";"0";"4";"0";"4";"25%";"0";"4";"4";"4"
"2h";"nee";"ne";"2h.2hc";"";"16";"13";"0";"0";"13";"0%";"0%";"0";"0";"3";"0";"3";"18,8%";"1";"4";"4";"4"
"2h";"nee";"ne";"2h.2hd";"";"16";"13";"0";"0";"13";"0%";"0%";"0";"0";"3";"0";"3";"18,8%";"1";"4";"4";"4"
"2v";"nee";"ne";"2v.2vb";"";"16";"14";"0";"0";"14";"0%";"0%";"0";"0";"2";"0";"2";"12,5%";"2";"4";"4";"4"
"2v";"nee";"ne";"2v.2vc";"";"16";"13";"0";"0";"13";"0%";"0%";"0";"0";"3";"0";"3";"18,8%";"1";"4";"4";"4"
"2v";"nee";"ne";"2v.2vd";"";"16";"13";"0";"0";"13";"0%";"0%";"0";"0";"3";"0";"3";"18,8%";"1";"4";"4";"4"
"2v";"nee";"ne";"2v.2ve";"";"16";"11";"0";"0";"11";"0%";"0%";"0";"2";"3";"0";"5";"31,3%";"1";"4";"4";"2"
"2vp";"nee";"ne";"2vp.2va";"";"16";"11";"0";"0";"11";"0%";"0%";"0";"2";"3";"0";"5";"31,3%";"1";"4";"4";"2"
"3h";"nee";"ne";"3h.3ha";"";"12";"9";"0";"0";"9";"0%";"0%";"0";"0";"3";"0";"3";"25%";"0";"3";"3";"3"
"3h";"nee";"ne";"3h.3hb";"";"12";"10";"0";"0";"10";"0%";"0%";"0";"0";"2";"0";"2";"16,7%";"1";"3";"3";"3"
"3h";"nee";"ne";"3h.3hc";"";"12";"10";"0";"0";"10";"0%";"0%";"0";"0";"2";"0";"2";"16,7%";"1";"3";"3";"3"
"3v";"nee";"ne";"3v.3vc";"";"12";"9";"0";"0";"9";"0%";"0%";"0";"1";"2";"0";"3";"25%";"1";"3";"3";"2"
"3v";"nee";"ne";"3v.3vd";"";"12";"10";"0";"0";"10";"0%";"0%";"0";"0";"2";"0";"2";"16,7%";"1";"3";"3";"3"
"3v";"nee";"ne";"3v.3ve";"";"12";"9";"0";"0";"9";"0%";"0%";"0";"0";"3";"0";"3";"25%";"0";"3";"3";"3"
"3vp";"nee";"ne";"3vp.3va";"";"12";"10";"0";"0";"10";"0%";"0%";"0";"0";"2";"0";"2";"16,7%";"1";"3";"3";"3"
"3vp";"nee";"ne";"3vp.3vb";"";"12";"10";"0";"0";"10";"0%";"0%";"0";"0";"2";"0";"2";"16,7%";"1";"3";"3";"3"
"5v";"ja";"netl";"";"netl";"4";"3";"0";"0";"3";"0%";"0%";"0";"0";"1";"0";"1";"25%";"0";"1";"1";"1"
"6v";"ja";"netl";"";"netl";"4";"3";"0";"0";"3";"0%";"0%";"0";"0";"1";"0";"1";"25%";"0";"1";"1";"1"
"5h";"ja";"netl";"";"netl";"4";"3";"0";"0";"3";"0%";"0%";"0";"0";"1";"0";"1";"25%";"0";"1";"1";"1"
"4h";"ja";"netl";"";"netl";"4";"3";"0";"0";"3";"0%";"0%";"0";"0";"1";"0";"1";"25%";"0";"1";"1";"1"
"4v";"ja";"netl";"";"netl";"4";"3";"0";"0";"3";"0%";"0%";"0";"0";"1";"0";"1";"25%";"0";"1";"1";"1"
"4h";"nee";"netl";"4h.4ha";"netl";"16";"11";"2";"0";"13";"15,4%";"0%";"0";"1";"2";"0";"3";"18,8%";"2";"3";"4";"4"
"4h";"nee";"netl";"4h.4hb";"netl";"16";"10";"3";"0";"13";"23,1%";"0%";"0";"1";"2";"0";"3";"18,8%";"2";"3";"4";"4"
"4h";"nee";"netl";"4h.4hc";"netl";"16";"14";"0";"0";"14";"0%";"0%";"0";"0";"2";"0";"2";"12,5%";"2";"4";"4";"4"
"4v";"nee";"netl";"4v.4va";"netl";"12";"11";"0";"0";"11";"0%";"0%";"0";"0";"1";"0";"1";"8,3%";"2";"3";"3";"3"
"4v";"nee";"netl";"4v.4vb";"netl";"12";"11";"0";"0";"11";"0%";"0%";"0";"0";"1";"0";"1";"8,3%";"2";"3";"3";"3"
"4v";"nee";"netl";"4v.4vc";"netl";"12";"10";"0";"0";"10";"0%";"0%";"0";"0";"2";"0";"2";"16,7%";"1";"3";"3";"3"
"4v";"nee";"netl";"4v.4vd";"netl";"12";"10";"0";"0";"10";"0%";"0%";"0";"0";"2";"0";"2";"16,7%";"1";"3";"3";"3"
"5h";"nee";"netl";"5h.5ha";"netl";"12";"10";"0";"0";"10";"0%";"0%";"0";"1";"1";"0";"2";"16,7%";"2";"2";"3";"3"
"5h";"nee";"netl";"5h.5hb";"netl";"12";"9";"0";"0";"9";"0%";"0%";"0";"0";"3";"0";"3";"25%";"0";"3";"3";"3"
"5h";"nee";"netl";"5h.5hc";"netl";"12";"10";"0";"0";"10";"0%";"0%";"0";"0";"2";"0";"2";"16,7%";"1";"3";"3";"3"
"5h";"nee";"netl";"5h.5hd";"netl";"12";"10";"0";"0";"10";"0%";"0%";"0";"1";"1";"0";"2";"16,7%";"2";"3";"2";"3"
"5v";"nee";"netl";"5v.5va";"netl";"12";"11";"0";"0";"11";"0%";"0%";"0";"0";"1";"0";"1";"8,3%";"2";"3";"3";"3"
"5v";"nee";"netl";"5v.5vb";"netl";"12";"10";"0";"0";"10";"0%";"0%";"0";"0";"2";"0";"2";"16,7%";"1";"3";"3";"3"
"5v";"nee";"netl";"5v.5vc";"netl";"12";"11";"0";"0";"11";"0%";"0%";"0";"0";"1";"0";"1";"8,3%";"2";"3";"3";"3"
"5v";"nee";"netl";"5v.5vd";"netl";"12";"10";"0";"0";"10";"0%";"0%";"0";"0";"2";"0";"2";"16,7%";"1";"3";"3";"3"
"6v";"nee";"netl";"6v.netl1";"netl";"12";"10";"0";"0";"10";"0%";"0%";"0";"0";"2";"0";"2";"16,7%";"1";"3";"3";"3"
"6v";"nee";"netl";"6v.netl2";"netl";"12";"9";"0";"0";"9";"0%";"0%";"0";"1";"2";"0";"3";"25%";"1";"2";"3";"3"
"6v";"nee";"netl";"6v.netl3";"netl";"12";"9";"0";"0";"9";"0%";"0%";"0";"0";"3";"0";"3";"25%";"0";"3";"3";"3"
"6v";"nee";"netl";"6v.netl4";"netl";"12";"10";"0";"0";"10";"0%";"0%";"0";"1";"1";"0";"2";"16,7%";"2";"3";"2";"3"
"4v";"nee";"nlt";"4v.nlt1";"nask";"8";"8";"0";"0";"8";"0%";"0%";"0";"0";"0";"0";"0";"0%";"2";"2";"2";"2"
"5v";"nee";"nlt";"5v.nlt1";"nask";"12";"9";"0";"0";"9";"0%";"0%";"0";"0";"3";"0";"3";"25%";"0";"3";"3";"3"
"6v";"nee";"nlt";"6v.nlt1";"nask";"12";"10";"0";"0";"10";"0%";"0%";"0";"0";"2";"0";"2";"16,7%";"1";"3";"3";"3"
"2vp";"ja";"ns";"";"nask";"8";"6";"0";"0";"6";"0%";"0%";"0";"0";"2";"0";"2";"25%";"0";"2";"2";"2"
"2v";"ja";"ns";"";"nask";"8";"6";"0";"0";"6";"0%";"0%";"0";"0";"2";"0";"2";"25%";"0";"2";"2";"2"
"2h";"ja";"ns";"";"nask";"8";"6";"0";"0";"6";"0%";"0%";"0";"0";"2";"0";"2";"25%";"0";"2";"2";"2"
"1vp";"nee";"ns";"1vp.ns1";"";"4";"3";"0";"0";"3";"0%";"0%";"0";"0";"1";"0";"1";"25%";"0";"1";"1";"1"
"2h";"nee";"ns";"2h.2ha";"nask";"8";"7";"0";"0";"7";"0%";"0%";"0";"0";"1";"0";"1";"12,5%";"1";"2";"2";"2"
"2h";"nee";"ns";"2h.2hb";"nask";"8";"6";"0";"0";"6";"0%";"0%";"0";"0";"2";"0";"2";"25%";"0";"2";"2";"2"
"2h";"nee";"ns";"2h.2hc";"nask";"8";"7";"0";"0";"7";"0%";"0%";"0";"0";"1";"0";"1";"12,5%";"1";"2";"2";"2"
"2h";"nee";"ns";"2h.2hd";"nask";"8";"6";"0";"0";"6";"0%";"0%";"0";"1";"1";"0";"2";"25%";"1";"2";"2";"1"
"2v";"nee";"ns";"2v.2vb";"nask";"8";"6";"0";"0";"6";"0%";"0%";"0";"0";"2";"0";"2";"25%";"0";"2";"2";"2"
"2v";"nee";"ns";"2v.2vc";"nask";"8";"7";"0";"0";"7";"0%";"0%";"0";"0";"1";"0";"1";"12,5%";"1";"2";"2";"2"
"2v";"nee";"ns";"2v.2vd";"nask";"8";"6";"0";"0";"6";"0%";"0%";"0";"0";"2";"0";"2";"25%";"0";"2";"2";"2"
"2v";"nee";"ns";"2v.2ve";"nask";"8";"6";"0";"0";"6";"0%";"0%";"0";"0";"2";"0";"2";"25%";"0";"2";"2";"2"
"2vp";"ja";"ntp";"";"nask";"8";"6";"0";"0";"6";"0%";"0%";"0";"0";"2";"0";"2";"25%";"0";"2";"2";"2"
"3vp";"ja";"ntp";"";"nask";"4";"3";"0";"0";"3";"0%";"0%";"0";"0";"1";"0";"1";"25%";"0";"1";"1";"1"
"2vp";"nee";"ntp";"2vp.ntp1";"nask";"8";"7";"0";"0";"7";"0%";"0%";"0";"0";"1";"0";"1";"12,5%";"1";"2";"2";"2"
"3vp";"nee";"ntp";"3vp.ntp1";"nask";"8";"6";"0";"0";"6";"0%";"0%";"0";"0";"2";"0";"2";"25%";"0";"2";"2";"2"
"1vp";"nee";"pro";"1vp.pro1";"nask";"12";"9";"0";"0";"9";"0%";"0%";"0";"0";"3";"0";"3";"25%";"0";"3";"3";"3"
"2vp";"nee";"pro";"2vp.pro1";"nask";"8";"6";"0";"0";"6";"0%";"0%";"0";"0";"2";"0";"2";"25%";"0";"2";"2";"2"
"3vp";"nee";"pro";"3vp.pro1";"nask";"12";"11";"0";"0";"11";"0%";"0%";"0";"0";"1";"0";"1";"8,3%";"2";"3";"3";"3"
"4h";"nee";"rt3f";"4h.rt3f1";"wis&rek";"4";"2";"0";"0";"2";"0%";"0%";"0";"1";"1";"0";"2";"50%";"0";"1";"0";"1"
"5h";"nee";"rt3f";"5h.rt3f1";"";"4";"2";"0";"0";"2";"0%";"0%";"0";"1";"1";"0";"2";"50%";"0";"1";"0";"1"
"4h";"ja";"schk";"";"nask";"4";"3";"0";"0";"3";"0%";"0%";"0";"1";"0";"0";"1";"25%";"0";"1";"1";"1"
"6v";"ja";"schk";"";"nask";"4";"3";"0";"0";"3";"0%";"0%";"0";"0";"1";"0";"1";"25%";"0";"1";"1";"1"
"5v";"ja";"schk";"";"nask";"4";"3";"0";"0";"3";"0%";"0%";"0";"0";"1";"0";"1";"25%";"0";"1";"1";"1"
"5h";"ja";"schk";"";"nask";"4";"3";"0";"0";"3";"0%";"0%";"0";"0";"1";"0";"1";"25%";"0";"1";"1";"1"
"4v";"ja";"schk";"";"nask";"4";"3";"0";"0";"3";"0%";"0%";"0";"1";"0";"0";"1";"25%";"0";"1";"1";"1"
"4h";"nee";"schk";"4h.schk1";"nask";"12";"8";"0";"0";"8";"0%";"0%";"0";"2";"2";"0";"4";"33,3%";"0";"3";"3";"2"
"4h";"nee";"schk";"4h.schk2";"nask";"12";"10";"0";"0";"10";"0%";"0%";"0";"0";"2";"0";"2";"16,7%";"1";"3";"3";"3"
"4v";"nee";"schk";"4v.schk1";"nask";"8";"6";"0";"0";"6";"0%";"0%";"0";"0";"2";"0";"2";"25%";"0";"2";"2";"2"
"4v";"nee";"schk";"4v.schk2";"nask";"8";"5";"0";"0";"5";"0%";"0%";"0";"2";"1";"0";"3";"37,5%";"0";"2";"2";"1"
"5h";"nee";"schk";"5h.schk1";"nask";"12";"9";"0";"0";"9";"0%";"0%";"0";"1";"2";"0";"3";"25%";"1";"3";"3";"2"
"5h";"nee";"schk";"5h.schk2";"nask";"12";"9";"0";"0";"9";"0%";"0%";"0";"1";"2";"0";"3";"25%";"1";"3";"2";"3"
"5v";"nee";"schk";"5v.schk1";"nask";"12";"10";"0";"0";"10";"0%";"0%";"0";"0";"2";"0";"2";"16,7%";"1";"3";"3";"3"
"5v";"nee";"schk";"5v.schk2";"nask";"12";"9";"0";"0";"9";"0%";"0%";"0";"1";"2";"0";"3";"25%";"1";"3";"3";"2"
"5v";"nee";"schk";"5v.schk3";"nask";"12";"9";"0";"0";"9";"0%";"0%";"0";"1";"2";"0";"3";"25%";"1";"3";"3";"2"
"6v";"nee";"schk";"6v.schk1";"nask";"12";"9";"0";"0";"9";"0%";"0%";"0";"1";"2";"0";"3";"25%";"1";"3";"3";"2"
"6v";"nee";"schk";"6v.schk2";"nask";"12";"9";"0";"0";"9";"0%";"0%";"0";"1";"2";"0";"3";"25%";"1";"3";"3";"2"
"6v";"nee";"schk";"6v.schk3";"nask";"12";"10";"0";"0";"10";"0%";"0%";"0";"0";"2";"0";"2";"16,7%";"1";"3";"3";"3"
"3vp";"ja";"scp";"";"nask";"4";"3";"0";"0";"3";"0%";"0%";"0";"0";"1";"0";"1";"25%";"0";"1";"1";"1"
"3vp";"nee";"scp";"3vp.scp1";"nask";"4";"2";"0";"0";"2";"0%";"0%";"0";"1";"1";"0";"2";"50%";"0";"1";"1";"0"
"3v";"ja";"sk";"";"";"4";"3";"0";"0";"3";"0%";"0%";"0";"0";"1";"0";"1";"25%";"0";"1";"1";"1"
"3vp";"ja";"sk";"";"";"4";"3";"0";"0";"3";"0%";"0%";"0";"0";"1";"0";"1";"25%";"0";"1";"1";"1"
"3h";"ja";"sk";"";"";"4";"3";"0";"0";"3";"0%";"0%";"0";"0";"1";"0";"1";"25%";"0";"1";"1";"1"
"3h";"nee";"sk";"3h.3ha";"";"8";"6";"0";"0";"6";"0%";"0%";"0";"0";"2";"0";"2";"25%";"0";"2";"2";"2"
"3h";"nee";"sk";"3h.3hb";"";"8";"6";"0";"0";"6";"0%";"0%";"0";"0";"2";"0";"2";"25%";"0";"2";"2";"2"
"3h";"nee";"sk";"3h.3hc";"";"8";"7";"0";"0";"7";"0%";"0%";"0";"0";"1";"0";"1";"12,5%";"1";"2";"2";"2"
"3v";"nee";"sk";"3v.3vc";"";"8";"6";"0";"0";"6";"0%";"0%";"0";"0";"2";"0";"2";"25%";"0";"2";"2";"2"
"3v";"nee";"sk";"3v.3vd";"";"8";"5";"0";"0";"5";"0%";"0%";"0";"1";"2";"0";"3";"37,5%";"0";"2";"2";"1"
"3v";"nee";"sk";"3v.3ve";"";"8";"6";"0";"0";"6";"0%";"0%";"0";"0";"2";"0";"2";"25%";"0";"2";"2";"2"
"3vp";"nee";"sk";"3vp.sk1";"";"8";"6";"0";"0";"6";"0%";"0%";"0";"0";"2";"0";"2";"25%";"0";"2";"2";"2"
"3vp";"nee";"sk";"3vp.sk2";"";"8";"6";"0";"0";"6";"0%";"0%";"0";"0";"2";"0";"2";"25%";"0";"2";"2";"2"
"1h";"nee";"st";"1h.1ha";"men";"8";"6";"0";"0";"6";"0%";"0%";"0";"0";"2";"0";"2";"25%";"0";"2";"2";"2"
"1v";"nee";"st";"1v.1vb";"men";"8";"5";"0";"0";"5";"0%";"0%";"0";"1";"2";"0";"3";"37,5%";"0";"2";"2";"1"
"1v";"nee";"st";"1v.1vc";"men";"8";"6";"0";"0";"6";"0%";"0%";"0";"0";"2";"0";"2";"25%";"0";"2";"2";"2"
"1v";"nee";"st";"1v.1vd";"men";"8";"4";"0";"0";"4";"0%";"0%";"0";"1";"3";"0";"4";"50%";"0";"1";"2";"1"
"1vh";"nee";"st";"1vh.1ba";"men";"8";"6";"0";"0";"6";"0%";"0%";"0";"0";"2";"0";"2";"25%";"0";"2";"2";"2"
"1vh";"nee";"st";"1vh.1bb";"men";"8";"4";"0";"0";"4";"0%";"0%";"0";"2";"2";"0";"4";"50%";"0";"1";"2";"1"
"1vh";"nee";"st";"1vh.1bc";"men";"8";"6";"0";"0";"6";"0%";"0%";"0";"0";"2";"0";"2";"25%";"0";"2";"2";"2"
"1vp";"nee";"st";"1vp.1va";"men";"8";"6";"0";"0";"6";"0%";"0%";"0";"0";"2";"0";"2";"25%";"0";"2";"2";"2"
"2h";"nee";"st";"2h.2ha";"men";"8";"7";"0";"0";"7";"0%";"0%";"0";"0";"1";"0";"1";"12,5%";"1";"2";"2";"2"
"2h";"nee";"st";"2h.2hb";"men";"8";"7";"0";"0";"7";"0%";"0%";"0";"0";"1";"0";"1";"12,5%";"1";"2";"2";"2"
"2h";"nee";"st";"2h.2hc";"men";"8";"6";"0";"0";"6";"0%";"0%";"0";"1";"1";"0";"2";"25%";"1";"2";"2";"1"
"2h";"nee";"st";"2h.2hd";"men";"8";"5";"0";"0";"5";"0%";"0%";"0";"1";"2";"0";"3";"37,5%";"0";"2";"2";"1"
"2v";"nee";"st";"2v.2vb";"men";"8";"4";"0";"0";"4";"0%";"0%";"0";"2";"2";"0";"4";"50%";"0";"2";"1";"1"
"2v";"nee";"st";"2v.2vc";"men";"8";"5";"0";"0";"5";"0%";"0%";"0";"1";"2";"0";"3";"37,5%";"0";"2";"2";"1"
"2v";"nee";"st";"2v.2vd";"men";"8";"5";"0";"0";"5";"0%";"0%";"0";"1";"2";"0";"3";"37,5%";"0";"2";"1";"2"
"2v";"nee";"st";"2v.2ve";"men";"8";"6";"0";"0";"6";"0%";"0%";"0";"0";"2";"0";"2";"25%";"0";"2";"2";"2"
"2vp";"nee";"st";"2vp.2va";"men";"8";"6";"0";"0";"6";"0%";"0%";"0";"1";"1";"0";"2";"25%";"1";"2";"2";"1"
"3h";"nee";"st";"3h.3ha";"men";"8";"7";"0";"0";"7";"0%";"0%";"0";"0";"1";"0";"1";"12,5%";"1";"2";"2";"2"
"3h";"nee";"st";"3h.3hb";"men";"8";"7";"0";"0";"7";"0%";"0%";"0";"0";"1";"0";"1";"12,5%";"1";"2";"2";"2"
"3h";"nee";"st";"3h.3hc";"men";"8";"6";"0";"0";"6";"0%";"0%";"0";"0";"2";"0";"2";"25%";"0";"2";"2";"2"
"3v";"nee";"st";"3v.3vc";"men";"8";"7";"0";"0";"7";"0%";"0%";"0";"0";"1";"0";"1";"12,5%";"1";"2";"2";"2"
"3v";"nee";"st";"3v.3vd";"men";"8";"6";"0";"0";"6";"0%";"0%";"0";"0";"2";"0";"2";"25%";"0";"2";"2";"2"
"3v";"nee";"st";"3v.3ve";"men";"8";"6";"0";"0";"6";"0%";"0%";"0";"0";"2";"0";"2";"25%";"0";"2";"2";"2"
"3vp";"nee";"st";"3vp.3va";"men";"8";"7";"0";"0";"7";"0%";"0%";"0";"0";"1";"0";"1";"12,5%";"1";"2";"2";"2"
"3vp";"nee";"st";"3vp.3vb";"men";"8";"7";"0";"0";"7";"0%";"0%";"0";"0";"1";"0";"1";"12,5%";"1";"2";"2";"2"
"1h";"nee";"te";"1h.1ha";"te&hndv&med";"0";"0";"0";"0";"0";"0%";"0%";"0";"0";"0";"0";"0";"0%";"0";"0";"0";"0"
"1v";"nee";"te";"1v.1vb";"te&hndv&med";"8";"4";"2";"0";"6";"33,3%";"0%";"0";"0";"2";"0";"2";"25%";"0";"2";"2";"2"
"1v";"nee";"te";"1v.1vc";"te&hndv&med";"8";"6";"0";"0";"6";"0%";"0%";"0";"0";"2";"0";"2";"25%";"0";"2";"2";"2"
"1v";"nee";"te";"1v.1vd";"te&hndv&med";"8";"6";"0";"0";"6";"0%";"0%";"0";"0";"2";"0";"2";"25%";"0";"2";"2";"2"
"1vh";"nee";"te";"1vh.1ba";"te&hndv&med";"0";"0";"0";"0";"0";"0%";"0%";"0";"0";"0";"0";"0";"0%";"0";"0";"0";"0"
"1vh";"nee";"te";"1vh.1bb";"te&hndv&med";"0";"0";"0";"0";"0";"0%";"0%";"0";"0";"0";"0";"0";"0%";"0";"0";"0";"0"
"1vh";"nee";"te";"1vh.1bc";"te&hndv&med";"0";"0";"0";"0";"0";"0%";"0%";"0";"0";"0";"0";"0";"0%";"0";"0";"0";"0"
"1vp";"nee";"te";"1vp.1va";"te&hndv&med";"8";"6";"0";"0";"6";"0%";"0%";"0";"0";"2";"0";"2";"25%";"0";"2";"2";"2"
"2h";"nee";"te";"2h.2ha";"te&hndv&med";"8";"4";"0";"0";"4";"0%";"0%";"0";"4";"0";"0";"4";"50%";"2";"2";"0";"0"
"2h";"nee";"te";"2h.2hb";"te&hndv&med";"8";"6";"0";"0";"6";"0%";"0%";"0";"0";"2";"0";"2";"25%";"0";"2";"2";"2"
"2h";"nee";"te";"2h.2hc";"te&hndv&med";"8";"8";"0";"0";"8";"0%";"0%";"0";"0";"0";"0";"0";"0%";"2";"2";"2";"2"
"2h";"nee";"te";"2h.2hd";"te&hndv&med";"8";"6";"0";"0";"6";"0%";"0%";"0";"0";"2";"0";"2";"25%";"0";"2";"2";"2"
"2v";"nee";"te";"2v.2vb";"te&hndv&med";"8";"6";"0";"0";"6";"0%";"0%";"0";"0";"2";"0";"2";"25%";"0";"2";"2";"2"
"2v";"nee";"te";"2v.2vc";"te&hndv&med";"8";"6";"0";"0";"6";"0%";"0%";"0";"0";"2";"0";"2";"25%";"0";"2";"2";"2"
"2v";"nee";"te";"2v.2vd";"te&hndv&med";"8";"6";"0";"0";"6";"0%";"0%";"0";"0";"2";"0";"2";"25%";"0";"2";"2";"2"
"2v";"nee";"te";"2v.2ve";"te&hndv&med";"8";"6";"0";"0";"6";"0%";"0%";"0";"0";"2";"0";"2";"25%";"0";"2";"2";"2"
"2vp";"nee";"te";"2vp.2va";"te&hndv&med";"8";"4";"0";"0";"4";"0%";"0%";"0";"2";"2";"0";"4";"50%";"0";"2";"2";"0"
"3h";"nee";"te";"3h.3ha";"te&hndv&med";"0";"0";"0";"0";"0";"0%";"0%";"0";"0";"0";"0";"0";"0%";"0";"0";"0";"0"
"3h";"nee";"te";"3h.3hb";"te&hndv&med";"0";"0";"0";"0";"0";"0%";"0%";"0";"0";"0";"0";"0";"0%";"0";"0";"0";"0"
"3h";"nee";"te";"3h.3hc";"te&hndv&med";"0";"0";"0";"0";"0";"0%";"0%";"0";"0";"0";"0";"0";"0%";"0";"0";"0";"0"
"3v";"nee";"te";"3v.3vc";"te&hndv&med";"0";"0";"0";"0";"0";"0%";"0%";"0";"0";"0";"0";"0";"0%";"0";"0";"0";"0"
"3v";"nee";"te";"3v.3vd";"te&hndv&med";"0";"0";"0";"0";"0";"0%";"0%";"0";"0";"0";"0";"0";"0%";"0";"0";"0";"0"
"3v";"nee";"te";"3v.3ve";"te&hndv&med";"0";"0";"0";"0";"0";"0%";"0%";"0";"0";"0";"0";"0";"0%";"0";"0";"0";"0"
"3vp";"nee";"te";"3vp.3va";"te&hndv&med";"0";"0";"0";"0";"0";"0%";"0%";"0";"0";"0";"0";"0";"0%";"0";"0";"0";"0"
"3vp";"nee";"te";"3vp.3vb";"te&hndv&med";"0";"0";"0";"0";"0";"0%";"0%";"0";"0";"0";"0";"0";"0%";"0";"0";"0";"0"
"4h";"nee";"te";"4h.te1";"te&hndv&med";"8";"6";"0";"0";"6";"0%";"0%";"0";"2";"0";"0";"2";"25%";"0";"2";"2";"2"
"4v";"nee";"te";"4v.te1";"te&hndv&med";"8";"8";"0";"0";"8";"0%";"0%";"0";"0";"0";"0";"0";"0%";"2";"2";"2";"2"
"5h";"nee";"te";"5h.te1";"te&hndv&med";"8";"6";"0";"0";"6";"0%";"0%";"0";"0";"2";"0";"2";"25%";"0";"2";"2";"2"
"5v";"nee";"te";"5v.te1";"te&hndv&med";"8";"8";"0";"0";"8";"0%";"0%";"0";"0";"0";"0";"0";"0%";"2";"2";"2";"2"
"6v";"nee";"te";"6v.te1";"te&hndv&med";"8";"8";"0";"0";"8";"0%";"0%";"0";"0";"0";"0";"0";"0%";"2";"2";"2";"2"
"3v";"ja";"wi";"";"wis&rek";"4";"3";"0";"0";"3";"0%";"0%";"0";"0";"1";"0";"1";"25%";"0";"1";"1";"1"
"2v";"ja";"wi";"";"wis&rek";"8";"6";"0";"0";"6";"0%";"0%";"0";"0";"2";"0";"2";"25%";"0";"2";"2";"2"
"1h";"ja";"wi";"";"wis&rek";"8";"4";"0";"0";"4";"0%";"0%";"0";"0";"4";"0";"4";"50%";"0";"0";"2";"2"
"2h";"ja";"wi";"";"wis&rek";"8";"6";"0";"0";"6";"0%";"0%";"0";"0";"2";"0";"2";"25%";"0";"2";"2";"2"
"3h";"ja";"wi";"";"wis&rek";"4";"3";"0";"0";"3";"0%";"0%";"0";"0";"1";"0";"1";"25%";"0";"1";"1";"1"
"1v";"ja";"wi";"";"wis&rek";"8";"4";"0";"0";"4";"0%";"0%";"0";"0";"4";"0";"4";"50%";"0";"0";"2";"2"
"3vp";"ja";"wi";"";"wis&rek";"4";"3";"0";"0";"3";"0%";"0%";"0";"0";"1";"0";"1";"25%";"0";"1";"1";"1"
"2vp";"ja";"wi";"";"wis&rek";"8";"6";"0";"0";"6";"0%";"0%";"0";"0";"2";"0";"2";"25%";"0";"2";"2";"2"
"1vp";"ja";"wi";"";"wis&rek";"8";"4";"0";"0";"4";"0%";"0%";"0";"0";"4";"0";"4";"50%";"0";"0";"2";"2"
"1vh";"ja";"wi";"";"wis&rek";"8";"4";"0";"0";"4";"0%";"0%";"0";"0";"4";"0";"4";"50%";"0";"0";"2";"2"
"1h";"nee";"wi";"1h.1ha";"wis&rek";"16";"9";"3";"0";"12";"25%";"0%";"0";"0";"4";"0";"4";"25%";"0";"4";"4";"4"
"1v";"nee";"wi";"1v.1vb";"wis&rek";"16";"12";"0";"0";"12";"0%";"0%";"0";"0";"4";"0";"4";"25%";"0";"4";"4";"4"
"1v";"nee";"wi";"1v.1vc";"wis&rek";"16";"12";"0";"0";"12";"0%";"0%";"0";"0";"4";"0";"4";"25%";"0";"4";"4";"4"
"1v";"nee";"wi";"1v.1vd";"wis&rek";"16";"10";"1";"0";"11";"9,1%";"0%";"0";"1";"4";"0";"5";"31,3%";"0";"4";"4";"3"
"1vh";"nee";"wi";"1vh.1ba";"wis&rek";"16";"12";"0";"0";"12";"0%";"0%";"0";"0";"4";"0";"4";"25%";"0";"4";"4";"4"
"1vh";"nee";"wi";"1vh.1bb";"wis&rek";"16";"11";"1";"0";"12";"8,3%";"0%";"0";"0";"4";"0";"4";"25%";"0";"4";"4";"4"
"1vh";"nee";"wi";"1vh.1bc";"wis&rek";"16";"9";"2";"0";"11";"18,2%";"0%";"0";"1";"4";"0";"5";"31,3%";"0";"4";"3";"4"
"1vp";"nee";"wi";"1vp.1va";"wis&rek";"12";"9";"0";"0";"9";"0%";"0%";"0";"0";"3";"0";"3";"25%";"0";"3";"3";"3"
"2h";"nee";"wi";"2h.2ha";"wis&rek";"16";"12";"0";"0";"12";"0%";"0%";"0";"1";"3";"0";"4";"25%";"1";"3";"4";"4"
"2h";"nee";"wi";"2h.2hb";"wis&rek";"16";"13";"0";"0";"13";"0%";"0%";"0";"0";"3";"0";"3";"18,8%";"1";"4";"4";"4"
"2h";"nee";"wi";"2h.2hc";"wis&rek";"16";"13";"0";"0";"13";"0%";"0%";"0";"0";"3";"0";"3";"18,8%";"1";"4";"4";"4"
"2h";"nee";"wi";"2h.2hd";"wis&rek";"16";"10";"0";"0";"10";"0%";"0%";"0";"2";"4";"0";"6";"37,5%";"0";"3";"4";"3"
"2v";"nee";"wi";"2v.2vb";"wis&rek";"16";"12";"0";"0";"12";"0%";"0%";"0";"1";"3";"0";"4";"25%";"1";"3";"4";"4"
"2v";"nee";"wi";"2v.2vc";"wis&rek";"16";"13";"0";"0";"13";"0%";"0%";"0";"0";"3";"0";"3";"18,8%";"1";"4";"4";"4"
"2v";"nee";"wi";"2v.2vd";"wis&rek";"16";"9";"0";"0";"9";"0%";"0%";"0";"4";"3";"0";"7";"43,8%";"0";"3";"4";"2"
"2v";"nee";"wi";"2v.2ve";"wis&rek";"16";"9";"0";"0";"9";"0%";"0%";"0";"3";"4";"0";"7";"43,8%";"0";"3";"2";"4"
"2vp";"nee";"wi";"2vp.2va";"wis&rek";"12";"9";"0";"0";"9";"0%";"0%";"0";"1";"2";"0";"3";"25%";"1";"2";"3";"3"
"3h";"nee";"wi";"3h.3ha";"wis&rek";"16";"13";"0";"0";"13";"0%";"0%";"0";"0";"3";"0";"3";"18,8%";"1";"4";"4";"4"
"3h";"nee";"wi";"3h.3hb";"wis&rek";"16";"13";"0";"0";"13";"0%";"0%";"0";"0";"3";"0";"3";"18,8%";"1";"4";"4";"4"
"3h";"nee";"wi";"3h.3hc";"wis&rek";"16";"11";"0";"0";"11";"0%";"0%";"0";"2";"3";"0";"5";"31,3%";"1";"3";"4";"3"
"3v";"nee";"wi";"3v.3vc";"wis&rek";"16";"11";"0";"0";"11";"0%";"0%";"0";"2";"3";"0";"5";"31,3%";"1";"3";"4";"3"
"3v";"nee";"wi";"3v.3vd";"wis&rek";"16";"10";"1";"0";"11";"9,1%";"0%";"0";"1";"4";"0";"5";"31,3%";"0";"4";"4";"3"
"3v";"nee";"wi";"3v.3ve";"wis&rek";"16";"9";"0";"0";"9";"0%";"0%";"0";"4";"3";"0";"7";"43,8%";"0";"3";"3";"3"
"3vp";"nee";"wi";"3vp.3va";"wis&rek";"16";"10";"0";"0";"10";"0%";"0%";"0";"3";"3";"0";"6";"37,5%";"0";"4";"3";"3"
"3vp";"nee";"wi";"3vp.3vb";"wis&rek";"16";"8";"0";"0";"8";"0%";"0%";"0";"5";"3";"0";"8";"50%";"0";"3";"3";"2"
"5v";"ja";"wisa";"";"wis&rek";"4";"3";"0";"0";"3";"0%";"0%";"0";"0";"1";"0";"1";"25%";"0";"1";"1";"1"
"4h";"ja";"wisa";"";"wis&rek";"4";"3";"0";"0";"3";"0%";"0%";"0";"0";"1";"0";"1";"25%";"0";"1";"1";"1"
"6v";"ja";"wisa";"";"wis&rek";"4";"3";"0";"0";"3";"0%";"0%";"0";"0";"1";"0";"1";"25%";"0";"1";"1";"1"
"4v";"ja";"wisa";"";"wis&rek";"4";"3";"0";"0";"3";"0%";"0%";"0";"0";"1";"0";"1";"25%";"0";"1";"1";"1"
"5h";"ja";"wisa";"";"wis&rek";"4";"3";"0";"0";"3";"0%";"0%";"0";"0";"1";"0";"1";"25%";"0";"1";"1";"1"
"4h";"nee";"wisa";"4h.wisa1";"wis&rek";"12";"8";"0";"0";"8";"0%";"0%";"0";"2";"2";"0";"4";"33,3%";"0";"2";"3";"3"
"4h";"nee";"wisa";"4h.wisa2";"wis&rek";"12";"9";"0";"0";"9";"0%";"0%";"0";"1";"2";"0";"3";"25%";"1";"3";"2";"3"
"4h";"nee";"wisa";"4h.wisa3";"wis&rek";"12";"9";"0";"0";"9";"0%";"0%";"0";"1";"2";"0";"3";"25%";"1";"2";"3";"3"
"4v";"nee";"wisa";"4v.wisa1";"wis&rek";"12";"8";"0";"0";"8";"0%";"0%";"0";"2";"2";"0";"4";"33,3%";"1";"2";"3";"2"
"4v";"nee";"wisa";"4v.wisa2";"wis&rek";"12";"9";"0";"0";"9";"0%";"0%";"0";"1";"2";"0";"3";"25%";"1";"2";"3";"3"
"4v";"nee";"wisa";"4v.wisa3";"wis&rek";"12";"10";"0";"0";"10";"0%";"0%";"0";"1";"1";"0";"2";"16,7%";"2";"3";"3";"2"
"5h";"nee";"wisa";"5h.wisa1";"wis&rek";"12";"9";"0";"0";"9";"0%";"0%";"0";"1";"2";"0";"3";"25%";"1";"3";"2";"3"
"5h";"nee";"wisa";"5h.wisa2";"wis&rek";"12";"9";"0";"0";"9";"0%";"0%";"0";"1";"2";"0";"3";"25%";"1";"3";"3";"2"
"5h";"nee";"wisa";"5h.wisa3";"wis&rek";"12";"8";"0";"0";"8";"0%";"0%";"0";"2";"2";"0";"4";"33,3%";"1";"2";"3";"2"
"5v";"nee";"wisa";"5v.wisa1";"wis&rek";"12";"8";"0";"0";"8";"0%";"0%";"0";"2";"2";"0";"4";"33,3%";"1";"3";"2";"2"
"5v";"nee";"wisa";"5v.wisa2";"wis&rek";"12";"8";"0";"0";"8";"0%";"0%";"0";"2";"2";"0";"4";"33,3%";"1";"2";"3";"2"
"5v";"nee";"wisa";"5v.wisa3";"wis&rek";"12";"10";"0";"0";"10";"0%";"0%";"0";"1";"1";"0";"2";"16,7%";"2";"2";"3";"3"
"6v";"nee";"wisa";"6v.wisa1";"wis&rek";"12";"8";"0";"0";"8";"0%";"0%";"0";"2";"2";"0";"4";"33,3%";"1";"2";"3";"2"
"6v";"nee";"wisa";"6v.wisa2";"wis&rek";"12";"9";"0";"0";"9";"0%";"0%";"0";"1";"2";"0";"3";"25%";"1";"3";"2";"3"
"6v";"nee";"wisa";"6v.wisa3";"wis&rek";"12";"9";"0";"0";"9";"0%";"0%";"0";"1";"2";"0";"3";"25%";"1";"2";"3";"3"
"5v";"ja";"wisb";"";"wis&rek";"4";"3";"0";"0";"3";"0%";"0%";"0";"0";"1";"0";"1";"25%";"0";"1";"1";"1"
"4h";"ja";"wisb";"";"wis&rek";"4";"3";"0";"0";"3";"0%";"0%";"0";"0";"1";"0";"1";"25%";"0";"1";"1";"1"
"5h";"ja";"wisb";"";"wis&rek";"4";"3";"0";"0";"3";"0%";"0%";"0";"0";"1";"0";"1";"25%";"0";"1";"1";"1"
"4v";"ja";"wisb";"";"wis&rek";"4";"3";"0";"0";"3";"0%";"0%";"0";"0";"1";"0";"1";"25%";"0";"1";"1";"1"
"6v";"ja";"wisb";"";"wis&rek";"4";"3";"0";"0";"3";"0%";"0%";"0";"0";"1";"0";"1";"25%";"0";"1";"1";"1"
"4h";"nee";"wisb";"4h.wisb1";"wis&rek";"16";"13";"0";"0";"13";"0%";"0%";"0";"1";"2";"0";"3";"18,8%";"2";"3";"4";"4"
"4v";"nee";"wisb";"4v.wisb1";"wis&rek";"16";"12";"0";"0";"12";"0%";"0%";"0";"1";"3";"0";"4";"25%";"1";"3";"4";"4"
"4v";"nee";"wisb";"4v.wisb2";"wis&rek";"16";"11";"0";"0";"11";"0%";"0%";"0";"2";"3";"0";"5";"31,3%";"1";"3";"3";"4"
"5h";"nee";"wisb";"5h.wisb1";"wis&rek";"16";"10";"0";"0";"10";"0%";"0%";"0";"3";"3";"0";"6";"37,5%";"1";"3";"3";"3"
"5v";"nee";"wisb";"5v.wisb1";"wis&rek";"16";"11";"0";"0";"11";"0%";"0%";"0";"2";"3";"0";"5";"31,3%";"1";"3";"4";"3"
"5v";"nee";"wisb";"5v.wisb2";"wis&rek";"16";"11";"0";"0";"11";"0%";"0%";"0";"2";"3";"0";"5";"31,3%";"1";"3";"4";"3"
"6v";"nee";"wisb";"6v.wisb1";"wis&rek";"16";"11";"0";"0";"11";"0%";"0%";"0";"2";"3";"0";"5";"31,3%";"1";"3";"4";"3"
"6v";"nee";"wisb";"6v.wisb2";"wis&rek";"16";"11";"0";"0";"11";"0%";"0%";"0";"2";"3";"0";"5";"31,3%";"1";"3";"4";"3"
"5v";"nee";"wo";"5v.wo1";"wo";"8";"7";"0";"0";"7";"0%";"0%";"0";"0";"1";"0";"1";"12,5%";"1";"2";"2";"2"
"5v";"nee";"wo";"5v.wo2";"wo";"8";"7";"0";"0";"7";"0%";"0%";"0";"0";"1";"0";"1";"12,5%";"1";"2";"2";"2"
"5v";"nee";"wo";"5v.wo3";"wo";"8";"7";"0";"0";"7";"0%";"0%";"0";"0";"1";"0";"1";"12,5%";"1";"2";"2";"2"
"5v";"nee";"wo";"5v.wo4";"wo";"8";"7";"0";"0";"7";"0%";"0%";"0";"0";"1";"0";"1";"12,5%";"1";"2";"2";"2"
